Text Key	Base(en)	Arabic (ar)	Czech (cs)	German (de)	Greek (el)	Spanish (es)	Estonian (et)	Finnish (fi)	French (fr)	Hindi (hi)	Indonesian (id)	Italian  (it)	Japanese (ja)	Khmer (km)	Kannada (kn)	Korean (ko)	Lao (lo)	Latvian (lv)	Malay (ms)	Dutch (nl)	Polish (pl)	Portuguese (pt)	Russian (ru)	Thai (th)	Turkish (tr)	Ukrainian (uk)	Chinese (zh)	Vietnamese (vi)
app_name	Flash Alert	تنبيه فلاش	Bleskové upozornění	Blitzalarm	Flash Alert	Alerta de destello	Välguhoiatus	Flash-hälytys	Alerte Flash	फ्लैश अलर्ट	Peringatan Kilat	Avviso flash	フラッシュアラート	ការជូនដំណឹងពន្លឺ	ಫ್ಲ್ಯಾಶ್ ಎಚ್ಚರಿಕೆ	플래시 경고	Flash ເຕືອນ	Flash Alert	Makluman Kilat	Flitswaarschuwing	Alarm Flash	Alerta Flash	Вспышка оповещения	การแจ้งเตือนแบบแฟลช	Flaş Uyarısı	Flash Alert	闪光警报	Cảnh báo nhấp nháy
this_action_may_contain_ads	This action may contain ads…	قد يحتوي هذا الإجراء على إعلانات...	Tato akce může obsahovat reklamy…	Diese Aktion kann Werbung enthalten…	Αυτή η ενέργεια μπορεί να περιέχει διαφημίσεις…	Esta acción puede contener anuncios...	See toiming võib sisaldada reklaame…	Tämä toiminto saattaa sisältää mainoksia…	Cette action peut contenir des publicités…	इस कार्रवाई में विज्ञापन शामिल हो सकते हैं...	Tindakan ini mungkin berisi iklan…	Questa azione può contenere annunci...	このアクションには広告が含まれる可能性があります…	សកម្មភាពនេះអាចមានការផ្សាយពាណិជ្ជកម្ម…	ಈ ಕ್ರಿಯೆಯು ಜಾಹೀರಾತುಗಳನ್ನು ಒಳಗೊಂಡಿರಬಹುದು...	이 작업에는 광고가 포함될 수 있습니다…	ຄຳສັ່ງນີ້ອາດມີໂຄສະນາ...	Šī darbība var ietvert reklāmas…	Tindakan ini mungkin mengandungi iklan…	Deze actie kan advertenties bevatten...	Ta akcja może zawierać reklamy…	Esta ação pode conter anúncios…	Это действие может содержать рекламу…	การดำเนินการนี้อาจมีโฆษณา...	Bu eylem reklam içerebilir…	Ця дія може містити рекламу…	此操作可能包含广告...	Hành động này có thể chứa quảng cáo…
flash_alert	Flash Alert	تنبيه فلاش	Bleskové upozornění	Blitzalarm	Flash Alert	Alerta de destello	Välguhoiatus	Flash-hälytys	Alerte Flash	फ्लैश अलर्ट	Peringatan Kilat	Avviso flash	フラッシュアラート	ការជូនដំណឹងពន្លឺ	ಫ್ಲ್ಯಾಶ್ ಎಚ್ಚರಿಕೆ	플래시 경고	Flash ເຕືອນ	Flash Alert	Makluman Kilat	Flitswaarschuwing	Alarm Flash	Alerta Flash	Вспышка оповещения	การแจ้งเตือนแบบแฟลช	Flaş Uyarısı	Flash Alert	闪光警报	Cảnh báo
flash_light	Flash Light	ضوء الفلاش	Bleskové světlo	Blitzlicht	Φως φλας	Linterna	Taskulamp	Salamavalo	Lampe torche	फ़्लैश लाइट	Lampu Flash	Luce flash	フラッシュライト	ពន្លឺភ្លើង	ಫ್ಲ್ಯಾಶ್ ಲೈಟ್	플래시 라이트	ແສງ Flash	Zibspuldze	Lampu kilat	Zaklamp	Latarka	Luz Flash	Вспышка	ไฟฉาย	El feneri	Спалах світла	手电筒	Đèn flash
setting	Settings	جلسة	Nastavení	Einstellung	Σύνθεση	Configuración	Seadistamine	Asetus	Paramètre	सेटिंग	Pengaturan	Collocamento	設定	ការកំណត់	ಸೆಟ್ಟಿಂಗ್	환경	ການຕັ້ງຄ່າ	Iestatījums	Tetapan	Instelling	Ustawienie	Contexto	Параметр	การตั้งค่า	Ayar	Налаштування	环境	Cài đặt
incomming_calls	Incomming calls	المكالمات الواردة	Příchozí hovory	Eingehende Anrufe	Εισερχόμενες κλήσεις	llamadas entrantes	Sissetulevad kõned	Saapuvat puhelut	Appels entrants	इनकमिंग कॉल	Panggilan masuk	Chiamate in arrivo	着信	ការហៅចូល	ಒಳಬರುವ ಕರೆಗಳು	수신 전화	ສາຍໂທເຂົ້າ	Ienākošie zvani	Panggilan masuk	Inkomende oproepen	Połączenia przychodzące	Chamadas recebidas	Входящие звонки	สายเรียกเข้า	Gelen aramalar	Вхідні дзвінки	来电	Cuộc gọi đến
sms	SMS	رسالة قصيرة	SMS	SMS	γραπτό μήνυμα	SMS	SMS	tekstiviesti	SMS	एसएमएस	SMS	sms	SMS	សារ	SMS	SMS	ຂໍ້​ຄວາມ	īsziņa	SMS	sms	SMS-em	SMS	SMS	ข้อความ	SMS	СМС	短信	Tin nhắn
notifications	Notifications	إشعارات	Oznámení	Benachrichtigungen	Ειδοποιήσεις	Notificaciones	Märguanded	Ilmoitukset	Notifications	सूचनाएं	Pemberitahuan	Notifiche	通知	ការជូនដំណឹង	ಅಧಿಸೂಚನೆಗಳು	알림	ການແຈ້ງເຕືອນ	Paziņojumi	Pemberitahuan	Meldingen	Powiadomienia	Notificações	Уведомления	การแจ้งเตือน	Bildirimler	Сповіщення	通知	Thông báo
permission	Permission	إذن	Povolení	Erlaubnis	Αδεια	Permiso	Luba	Lupa	Autorisation	अनुमति	Izin	Autorizzazione	許可	ការអនុញ្ញាត	ಅನುಮತಿ	허가	ການອະນຸຍາດ	Atļauja	kebenaran	Toestemming	Pozwolenie	Permissão	Разрешение	การอนุญาต	İzin	Дозвіл	允许	Sự cho phép
des_permission_read_notification	The application needs permission to read notifications to perform this function. We are committed to protecting your personal information and will not use information from notifications for any purpose other than providing the features described.	يحتاج التطبيق إلى إذن لقراءة الإشعارات لأداء هذه الوظيفة. نحن ملتزمون بحماية معلوماتك الشخصية ولن نستخدم المعلومات الواردة من الإشعارات لأي غرض آخر غير توفير الميزات الموضحة.	K provedení této funkce potřebuje aplikace oprávnění ke čtení oznámení. Zavázali jsme se chránit vaše osobní údaje a nebudeme používat informace z oznámení k jiným účelům, než je poskytování popsaných funkcí.	Um diese Funktion auszuführen, benötigt die Anwendung die Berechtigung zum Lesen von Benachrichtigungen. Wir verpflichten uns zum Schutz Ihrer persönlichen Daten und werden Informationen aus Benachrichtigungen nicht für andere Zwecke als die Bereitstellung der beschriebenen Funktionen verwenden.	Η εφαρμογή χρειάζεται άδεια ανάγνωσης ειδοποιήσεων για να εκτελέσει αυτήν τη λειτουργία. Δεσμευόμαστε να προστατεύουμε τα προσωπικά σας στοιχεία και δεν θα χρησιμοποιήσουμε πληροφορίες από ειδοποιήσεις για οποιονδήποτε άλλο σκοπό εκτός από την παροχή των χαρακτηριστικών που περιγράφονται.	La aplicación necesita permiso para leer notificaciones para realizar esta función. Nos comprometemos a proteger su información personal y no utilizaremos la información de las notificaciones para ningún otro propósito que no sea proporcionar las funciones descritas.	Rakendus vajab selle funktsiooni täitmiseks luba teadete lugemiseks. Oleme pühendunud teie isikuandmete kaitsmisele ega kasuta teavitustes sisalduvat teavet muul eesmärgil kui kirjeldatud funktsioonide pakkumiseks.	Sovellus tarvitsee luvan lukea ilmoituksia suorittaakseen tämän toiminnon. Olemme sitoutuneet suojaamaan henkilötietojasi emmekä käytä ilmoituksista saatuja tietoja mihinkään muuhun tarkoitukseen kuin kuvattujen ominaisuuksien tarjoamiseen.	L'application a besoin de l'autorisation de lire les notifications pour exécuter cette fonction. Nous nous engageons à protéger vos informations personnelles et n'utiliserons pas les informations provenant des notifications à d'autres fins que celles décrites.	इस फ़ंक्शन को निष्पादित करने के लिए एप्लिकेशन को सूचनाएं पढ़ने की अनुमति की आवश्यकता है। हम आपकी व्यक्तिगत जानकारी की सुरक्षा के लिए प्रतिबद्ध हैं और वर्णित सुविधाओं को प्रदान करने के अलावा किसी अन्य उद्देश्य के लिए सूचनाओं से जानकारी का उपयोग नहीं करेंगे।	Aplikasi memerlukan izin untuk membaca notifikasi untuk menjalankan fungsi ini. Kami berkomitmen untuk melindungi informasi pribadi Anda dan tidak akan menggunakan informasi dari notifikasi untuk tujuan apa pun selain menyediakan fitur yang dijelaskan.	L'applicazione necessita dell'autorizzazione per leggere le notifiche per eseguire questa funzione. Ci impegniamo a proteggere le tue informazioni personali e non utilizzeremo le informazioni provenienti dalle notifiche per scopi diversi dal fornire le funzionalità descritte.	アプリケーションがこの機能を実行するには、通知を読み取る権限が必要です。当社はお客様の個人情報の保護に努めており、記載されている機能を提供する以外の目的で通知からの情報を使用することはありません。	កម្មវិធីត្រូវការការអនុញ្ញាតដើម្បីអានការជូនដំណឹង ដើម្បីអនុវត្តមុខងារនេះ។ យើងប្តេជ្ញាការពារព័ត៌មានផ្ទាល់ខ្លួនរបស់អ្នក ហើយនឹងមិនប្រើប្រាស់ព័ត៌មានពីការជូនដំណឹងសម្រាប់គោលបំណងណាមួយក្រៅពីការផ្តល់លក្ខណៈពិសេសដែលបានពិពណ៌នានោះទេ។	ಈ ಕಾರ್ಯವನ್ನು ನಿರ್ವಹಿಸಲು ಅಧಿಸೂಚನೆಗಳನ್ನು ಓದಲು ಅಪ್ಲಿಕೇಶನ್‌ಗೆ ಅನುಮತಿಯ ಅಗತ್ಯವಿದೆ. ನಿಮ್ಮ ವೈಯಕ್ತಿಕ ಮಾಹಿತಿಯನ್ನು ರಕ್ಷಿಸಲು ನಾವು ಬದ್ಧರಾಗಿದ್ದೇವೆ ಮತ್ತು ವಿವರಿಸಿದ ವೈಶಿಷ್ಟ್ಯಗಳನ್ನು ಒದಗಿಸುವುದನ್ನು ಹೊರತುಪಡಿಸಿ ಯಾವುದೇ ಉದ್ದೇಶಕ್ಕಾಗಿ ಅಧಿಸೂಚನೆಗಳಿಂದ ಮಾಹಿತಿಯನ್ನು ಬಳಸುವುದಿಲ್ಲ.	이 기능을 수행하려면 애플리케이션에 알림을 읽을 수 있는 권한이 필요합니다. 당사는 귀하의 개인 정보를 보호하기 위해 최선을 다하고 있으며 설명된 기능을 제공하는 것 이외의 어떤 목적으로도 알림 정보를 사용하지 않을 것입니다.	ແອັບພລິເຄຊັນຕ້ອງການການອະນຸຍາດອ່ານການແຈ້ງເຕືອນເພື່ອເຮັດໜ້າທີ່ນີ້. ພວກເຮົາມຸ່ງໝັ້ນທີ່ຈະປົກປ້ອງຂໍ້ມູນສ່ວນຕົວຂອງເຈົ້າ ແລະຈະບໍ່ໃຊ້ຂໍ້ມູນຈາກການແຈ້ງເຕືອນເພື່ອຈຸດປະສົງອື່ນນອກເໜືອໄປຈາກການສະໜອງຄຸນສົມບັດທີ່ໄດ້ອະທິບາຍໄວ້.	Lai veiktu šo funkciju, lietojumprogrammai ir nepieciešama atļauja lasīt paziņojumus. Mēs esam apņēmušies aizsargāt jūsu personisko informāciju un neizmantosim informāciju no paziņojumiem citiem mērķiem, izņemot aprakstīto funkciju nodrošināšanai.	Aplikasi memerlukan kebenaran untuk membaca pemberitahuan untuk melaksanakan fungsi ini. Kami komited untuk melindungi maklumat peribadi anda dan tidak akan menggunakan maklumat daripada pemberitahuan untuk sebarang tujuan selain daripada menyediakan ciri yang diterangkan.	De applicatie heeft toestemming nodig om meldingen te lezen om deze functie uit te voeren. We doen er alles aan om uw persoonlijke gegevens te beschermen en zullen de informatie uit meldingen niet voor enig ander doel gebruiken dan het bieden van de beschreven functies.	Aby móc korzystać z tej funkcji, aplikacja potrzebuje uprawnień do odczytu powiadomień. Zobowiązujemy się chronić Twoje dane osobowe i nie będziemy wykorzystywać informacji z powiadomień do celów innych niż zapewnienie opisanych funkcji.	O aplicativo precisa de permissão para ler notificações para executar esta função. Estamos comprometidos em proteger suas informações pessoais e não usaremos as informações das notificações para qualquer outro fim que não seja o fornecimento dos recursos descritos.	Для выполнения этой функции приложению необходимо разрешение на чтение уведомлений. Мы обязуемся защищать вашу личную информацию и не будем использовать информацию из уведомлений для каких-либо целей, кроме предоставления описанных функций.	แอปพลิเคชันต้องการสิทธิ์ในการอ่านการแจ้งเตือนเพื่อใช้งานฟังก์ชันนี้ เรามุ่งมั่นที่จะปกป้องข้อมูลส่วนบุคคลของคุณและจะไม่ใช้ข้อมูลจากการแจ้งเตือนเพื่อวัตถุประสงค์อื่นใดนอกเหนือจากการให้บริการคุณสมบัติที่อธิบายไว้	Uygulamanın bu işlevi gerçekleştirmek için bildirimleri okuma iznine ihtiyacı var. Kişisel bilgilerinizi korumaya kararlıyız ve bildirimlerdeki bilgileri açıklanan özelliklerin sağlanması dışında herhangi bir amaçla kullanmayacağız.	Для виконання цієї функції програмі потрібен дозвіл на читання сповіщень. Ми прагнемо захищати вашу особисту інформацію та не будемо використовувати інформацію зі сповіщень для будь-яких інших цілей, окрім надання описаних функцій.	应用程序需要读取通知的权限才能执行此功能。我们致力于保护您的个人信息，除了提供所述功能之外，不会将通知中的信息用于任何其他目的。	Ứng dụng cần có quyền đọc thông báo để thực hiện chức năng này. Chúng tôi cam kết bảo vệ thông tin cá nhân của bạn và sẽ không sử dụng thông tin từ các thông báo cho bất kỳ mục đích nào khác ngoài việc cung cấp các tính năng được mô tả.
allow	Allow	يسمح	Dovolit	Erlauben	Επιτρέπω	Permitir	Lubama	Sallia	Permettre	अनुमति दें	Mengizinkan	Permettere	許可する	អនុញ្ញាត	ಅನುಮತಿಸಿ	허용하다	ອະນຸຍາດ	Atļaut	benarkan	Toestaan	Umożliwić	Permitir	Позволять	อนุญาต	İzin vermek	Дозволити	允许	Cho phép
test	Test	امتحان	Test	Prüfen	Δοκιμή	Prueba	Test	Testata	Test	परीक्षा	Tes	Test	テスト	សាកល្បង	ಪರೀಕ್ಷೆ	시험	ການທົດສອບ	Pārbaude	Ujian	Test	Test	Teste	Тест	ทดสอบ	Ölçek	Тест	测试	Bài kiểm tra
try_now	Try now	حاول الآن	Vyzkoušet	Versuch's jetzt	Προσπαθήστε τώρα	Probar ahora	Proovige nüüd	Kokeile nyt	Essayez maintenant	अब कोशिश करो	Coba sekarang	Prova ora	今すぐやってみて下さい	សាកល្បងឥឡូវនេះ	ಈಗ ಪ್ರಯತ್ನಿಸಿ	지금 사용해 보세요	ລອງດຽວນີ້	Mēģiniet tagad	Cuba sekarang	Probeer nu	Spróbuj teraz	Tente agora	Попробуй	ลองตอนนี้	Şimdi dene	Спробуємо зараз	现在试试	Thử ngay bây giờ
flash_duration	Flash duration	مدة الفلاش	Doba trvání záblesku	Blitzdauer	Διάρκεια φλας	Duración del destello	Välgu kestus	Salaman kesto	Durée du flash	फ़्लैश अवधि	Durasi kilat	Durata del flash	フラッシュ持続時間	រយៈពេល Flash	ಫ್ಲ್ಯಾಶ್ ಅವಧಿ	플래시 지속 시간	ໄລຍະເວລາ Flash	Zibspuldzes ilgums	Tempoh kilat	Flitsduur	Czas trwania błysku	Duração do flash	Продолжительность вспышки	ระยะเวลาแฟลช	Flaş süresi	Тривалість спалаху	闪光持续时间	Thời lượng flash
flash_interval	Flash interval	الفاصل الزمني للفلاش	Interval blikání	Blinkintervall	Διάστημα φλας	Intervalo de destello	Välgu intervall	Flash-väli	Intervalle de flash	फ़्लैश अंतराल	Interval lampu kilat	Intervallo di flash	フラッシュ間隔	ចន្លោះពេលពន្លឺ	ಫ್ಲ್ಯಾಶ್ ಮಧ್ಯಂತರ	플래시 간격	ໄລຍະຫ່າງ Flash	Zibspuldzes intervāls	Selang kilat	Flitsinterval	Interwał błysku	Intervalo de flash	Интервал вспышки	ช่วงเวลาแฟลช	Flaş aralığı	Інтервал спалаху	闪光间隔	Khoảng thời gian nhấp nháy
total_duration	Total duration	المدة الإجمالية	Celková doba trvání	Gesamtdauer	Συνολική διάρκεια	Duración total	Kogukestus	Kokonaiskesto	Durée totale	कुल अवधि	Durasi total	Durata totale	合計期間	រយៈពេលសរុប	ಒಟ್ಟು ಅವಧಿ	총 기간	ໄລຍະເວລາທັງໝົດ	Kopējais ilgums	Jumlah tempoh	Totale duur	Całkowity czas trwania	Duração total	Общая продолжительность	ระยะเวลารวม	Toplam süre	Загальна тривалість	总持续时间	Tổng thời gian
safe_time_period	Safe time period	فترة زمنية آمنة	Bezpečné časové období	Sicherer Zeitraum	Ασφαλής χρονική περίοδος	Periodo de tiempo seguro	Ohutu ajaperiood	Turvallinen ajanjakso	Période de sécurité	सुरक्षित समय अवधि	Jangka waktu yang aman	Periodo di tempo sicuro	安全な期間	រយៈពេលសុវត្ថិភាព	ಸುರಕ್ಷಿತ ಅವಧಿ	안전한 기간	ໄລຍະເວລາທີ່ປອດໄພ	Drošs laika periods	Tempoh masa selamat	Veilige periode	Bezpieczny okres czasu	Período de tempo seguro	Безопасный период времени	ระยะเวลาที่ปลอดภัย	Güvenli zaman dilimi	Безпечний період часу	安全时间段	Khoảng thời gian an toàn
disable_flash_alert_within_a_specified_time_period	Disable flash alert within a specified time period	تعطيل تنبيه الفلاش خلال فترة زمنية محددة	Deaktivovat bleskové upozornění v určeném časovém období	Deaktivieren Sie den Blitzalarm innerhalb eines bestimmten Zeitraums	Απενεργοποιήστε την ειδοποίηση φλας μέσα σε μια καθορισμένη χρονική περίοδο	Deshabilitar la alerta de flash dentro de un período de tiempo específico	Välguhoiatuse keelamine määratud aja jooksul	Poista salamahälytys käytöstä tietyn ajan kuluessa	Désactiver l'alerte flash dans un délai spécifié	एक निर्दिष्ट समय अवधि के भीतर फ्लैश अलर्ट अक्षम करें	Nonaktifkan peringatan kilat dalam jangka waktu tertentu	Disabilita l'avviso flash entro un periodo di tempo specificato	指定した期間内でフラッシュ アラートを無効にする	បិទការជូនដំណឹងពន្លឺក្នុងរយៈពេលជាក់លាក់មួយ។	ನಿಗದಿತ ಅವಧಿಯೊಳಗೆ ಫ್ಲಾಶ್ ಎಚ್ಚರಿಕೆಯನ್ನು ನಿಷ್ಕ್ರಿಯಗೊಳಿಸಿ	지정된 기간 내에 플래시 경고 비활성화	ປິດການແຈ້ງເຕືອນແຟລດພາຍໃນໄລຍະເວລາທີ່ກໍານົດໄວ້	Atspējot zibspuldzes brīdinājumu noteiktā laika periodā	Lumpuhkan amaran kilat dalam tempoh masa tertentu	Schakel flitswaarschuwing uit binnen een bepaalde tijdsperiode	Wyłącz alarm błyskowy w określonym przedziale czasu	Desative o alerta flash dentro de um período de tempo especificado	Отключить флэш-оповещение в течение определенного периода времени	ปิดใช้งานการแจ้งเตือนแฟลชภายในระยะเวลาที่กำหนด	Flaş uyarısını belirli bir süre içinde devre dışı bırakın	Вимкніть миттєве сповіщення протягом зазначеного періоду часу	在指定时间段内禁用闪光警报	Tắt cảnh báo flash trong khoảng thời gian được chỉ định
battery_saver	Battery saver	حافظ البطارية	Šetřič baterie	Batteriesparmodus	Εξοικονόμηση μπαταρίας	Ahorro de batería	Akusäästja	Akun säästäjä	Économiseur de batterie	बैटरी बचाने वाला	Penghemat baterai	Risparmio batteria	バッテリーセーバー	ឧបករណ៍សន្សំសំចៃថ្ម	ಬ್ಯಾಟರಿ ಸೇವರ್	배터리 세이버	ຕົວປະຢັດແບັດເຕີຣີ	Akumulatora taupīšanas režīms	Penyelamat bateri	Batterij bespaarder	Program oszczędzający baterię	Economizador de bateria	Экономия заряда батареи	ประหยัดแบตเตอรี่	Batarya koruyucu	Економія батареї	省电	Tiết kiệm pin
disable_flash_alert_if_battery_bellow	Disable flash alert if battery bellow	قم بتعطيل تنبيه الفلاش إذا كانت البطارية منخفضة	Deaktivujte výstrahu blesku, pokud je baterie nižší	Deaktivieren Sie den Blitzalarm, wenn die Batterie leer ist	Απενεργοποιήστε την ειδοποίηση φλας εάν η μπαταρία είναι κάτω	Desactive la alerta de flash si la batería está por debajo	Lülitage välguhoiatus välja, kui aku laeb alla	Poista salamavaroitus käytöstä, jos akun varaus on tyhjä	Désactiver l'alerte flash si la batterie est en dessous	यदि बैटरी ख़राब हो तो फ़्लैश अलर्ट अक्षम करें	Nonaktifkan peringatan flash jika baterai lemah	Disattiva l'avviso flash se la batteria è scarica	バッテリーが以下の場合はフラッシュアラートを無効にする	បិទការជូនដំណឹងពន្លឺ ប្រសិនបើថ្មខាងក្រោម	ಬ್ಯಾಟರಿ ಕೆಳಗಿದ್ದರೆ ಫ್ಲ್ಯಾಷ್ ಎಚ್ಚರಿಕೆಯನ್ನು ನಿಷ್ಕ್ರಿಯಗೊಳಿಸಿ	배터리가 부족할 경우 플래시 경고 비활성화	ປິດການແຈ້ງເຕືອນແຟລດຖ້າແບດເຕີລີ່ຂ້າງລຸ່ມ	Atspējojiet zibspuldzes brīdinājumu, ja akumulatora uzlādes līmenis ir zems	Lumpuhkan amaran kilat jika bateri di bawah	Schakel de flitswaarschuwing uit als de batterij leeg is	Wyłącz alert lampy błyskowej, jeśli poziom naładowania baterii jest niższy	Desative o alerta de flash se a bateria estiver abaixo	Отключить вспышку, если батарея разряжена	ปิดใช้งานการแจ้งเตือนแฟลชหากแบตเตอรี่หมด	Pil zayıfsa flaş uyarısını devre dışı bırakın	Вимкніть спалах сповіщення, якщо акумулятор розряджений	如果电池电量不足，请禁用闪光警报	Tắt cảnh báo flash nếu pin yếu
if_you_deactivate_this_feature_flash_alert_will_be_disabled	If you deactivate this feature, flash alert will be disabled	إذا قمت بإلغاء تنشيط هذه الميزة، فسيتم تعطيل تنبيه الفلاش	Pokud tuto funkci deaktivujete, bleskové upozornění bude deaktivováno	Wenn Sie diese Funktion deaktivieren, wird der Blitzalarm deaktiviert	Εάν απενεργοποιήσετε αυτήν τη δυνατότητα, η ειδοποίηση φλας θα απενεργοποιηθεί	Si desactiva esta función, la alerta flash se desactivará	Kui lülitate selle funktsiooni välja, keelatakse välguhoiatus	Jos poistat tämän ominaisuuden käytöstä, salamahälytys poistetaan käytöstä	Si vous désactivez cette fonctionnalité, l'alerte flash sera désactivée	यदि आप इस सुविधा को निष्क्रिय करते हैं, तो फ्लैश अलर्ट अक्षम हो जाएगा	Jika Anda menonaktifkan fitur ini, peringatan kilat akan dinonaktifkan	Se disattivi questa funzione, l'avviso flash sarà disabilitato	この機能を無効にすると、フラッシュアラートは無効になります	ប្រសិនបើអ្នកបិទមុខងារនេះ ការជូនដំណឹងពន្លឺនឹងត្រូវបានបិទ	ನೀವು ಈ ವೈಶಿಷ್ಟ್ಯವನ್ನು ನಿಷ್ಕ್ರಿಯಗೊಳಿಸಿದರೆ, ಫ್ಲಾಶ್ ಎಚ್ಚರಿಕೆಯನ್ನು ನಿಷ್ಕ್ರಿಯಗೊಳಿಸಲಾಗುತ್ತದೆ	이 기능을 비활성화하면 플래시 알림이 비활성화됩니다.	ຖ້າທ່ານປິດຄຸນສົມບັດນີ້, ການແຈ້ງເຕືອນແຟລດຈະຖືກປິດໃຊ້ງານ	Ja deaktivizēsiet šo funkciju, zibspuldzes brīdinājums tiks atspējots	Jika anda menyahaktifkan ciri ini, amaran kilat akan dilumpuhkan	Als u deze functie uitschakelt, wordt de flitswaarschuwing uitgeschakeld	Jeśli wyłączysz tę funkcję, alert błyskowy zostanie wyłączony	Se você desativar este recurso, o alerta flash será desativado	Если вы отключите эту функцию, флэш-оповещение будет отключено.	หากคุณปิดใช้งานคุณสมบัตินี้ การแจ้งเตือนแบบแฟลชจะถูกปิดใช้งาน	Bu özelliği devre dışı bırakırsanız flaş uyarısı devre dışı kalacaktır	Якщо вимкнути цю функцію, спалах сповіщення буде вимкнено	如果您停用此功能，闪光警报将被禁用	Nếu bạn tắt tính năng này, cảnh báo flash sẽ bị tắt
enable	Enable	يُمكَِن	Umožnit	Aktivieren	επιτρέπω	Permitir	Luba	ota käyttöön	Activer	सक्षम	Memungkinkan	Abilitare	有効にする	បើក	ಸಕ್ರಿಯಗೊಳಿಸಿ	할 수 있게 하다	ເປີດໃຊ້	Iespējot	Dayakan	Inschakelen	Włączać	Habilitar	Давать возможность	เปิดใช้งาน	Olanak vermek	Увімкнути	使能够	Cho phép
settings	Settings	إعدادات	Nastavení	Einstellungen	Ρυθμίσεις	Ajustes	Seaded	asetukset	Paramètres	समायोजन	Pengaturan	Impostazioni	設定	ការកំណត់	ಸಂಯೋಜನೆಗಳು	설정	ການຕັ້ງຄ່າ	Iestatījumi	tetapan	Instellingen	Ustawienia	Configurações	Настройки	การตั้งค่า	Ayarlar	Налаштування	设置	Cài đặt
language	Languages	اللغات	Jazyky	Sprachen	Γλώσσες	Idiomas	Keeled	Kieli (kielet	Langues	बोली	Bahasa	Le lingue	言語	ភាសា	ಭಾಷೆಗಳು	언어	ພາສາ	Valodas	Bahasa	Talen	Języki	línguas	Языки	ภาษา	Diller	Мови	语言	Ngôn ngữ
share	Share	يشارك	Podíl	Aktie	Μερίδιο	Compartir	Jaga	Jaa	Partager	शेयर करना	Membagikan	Condividere	共有	ចែករំលែក	ಹಂಚಿಕೊಳ್ಳಿ	공유하다	ແບ່ງປັນ	Dalīties	Kongsi	Deel	Udział	Compartilhar	Делиться	แบ่งปัน	Paylaşmak	Поділіться	分享	Chia sẻ
rate	Rate	معدل	Hodnotit	Rate	Τιμή	Tasa	Hinda	Rate	Taux	दर	Kecepatan	Valutare	レート	អត្រា	ದರ	비율	ອັດຕາ	Likme	Kadar	Tarief	Wskaźnik	Avaliar	Ставка	ประเมิน	Oran	Оцінка	速度	Đánh giá
feedback	Feedback	تعليق	Zpětná vazba	Rückmeldung	Ανατροφοδότηση	Comentario	Tagasiside	Palaute	Retour	प्रतिक्रिया	Masukan	Feedback	フィードバック	មតិកែលម្អ	ಪ್ರತಿಕ್ರಿಯೆ	피드백	ຄໍາຕິຊົມ	Atsauksmes	Maklum balas	Feedback	Informacja zwrotna	Opinião	Обратная связь	ข้อเสนอแนะ	Geri bildirim	Зворотній зв'язок	反馈	Nhận xét
privacy_policy	Privacy Policy	سياسة الخصوصية	Zásady ochrany osobních údajů	Datenschutzrichtlinie	Πολιτική Απορρήτου	política de privacidad	Privaatsuspoliitika	Tietosuojakäytäntö	politique de confidentialité	गोपनीयता नीति	Kebijakan pribadi	politica sulla riservatezza	プライバシーポリシー	គោលការណ៍​ភាព​ឯកជន	ಗೌಪ್ಯತಾ ನೀತಿ	개인 정보 정책	ນະໂຍບາຍຄວາມເປັນສ່ວນຕົວ	Privātuma politika	Dasar Privasi	Privacybeleid	Polityka prywatności	política de Privacidade	политика конфиденциальности	นโยบายความเป็นส่วนตัว	Gizlilik Politikası	Політика конфіденційності	隐私政策	Chính sách bảo mật
terms_and_conditions	Terms and Conditions	الأحكام والشروط	Pravidla a podmínky	Geschäftsbedingungen	Οροι και Προϋποθέσεις	Términos y condiciones	Tingimused	Käyttöehdot	Termes et conditions	नियम और शर्तें	syarat dan Ketentuan	Termini e Condizioni	利用規約	លក្ខខណ្ឌ	ನಿಯಮಗಳು ಮತ್ತು ಷರತ್ತುಗಳು	이용약관	ຂໍ້ກໍານົດແລະເງື່ອນໄຂ	Noteikumi un nosacījumi	Terma dan syarat	Voorwaarden	Regulamin	Termos e Condições	Условия и положения	ข้อกำหนดและเงื่อนไข	Şartlar ve koşullar	Правила та умови	条款和条件	Các điều khoản và điều kiện
start	Start	يبدأ	Start	Start	Αρχή	Comenzar	Alusta	alkaa	Commencer	शुरू	Awal	Inizio	始める	ចាប់ផ្តើម	ಪ್ರಾರಂಭಿಸಿ	시작	ເລີ່ມ	Sākt	Mulakan	Begin	Początek	Começar	Начинать	เริ่ม	Başlangıç	старт	开始	Bắt đầu
end	End	نهاية	Konec	Ende	Τέλος	Fin	Lõpp	Loppu	Fin	अंत	Akhir	FINE	終わり	ចប់	ಅಂತ್ಯ	끝	ຈົບ	Beigas	tamat	Einde	Koniec	Fim	Конец	จบ	Son	Кінець	结尾	Kết thúc
disabled_time	Disabled time	وقت معطل	Čas deaktivace	Behinderte Zeit	Ώρα για άτομα με ειδικές ανάγκες	tiempo inhabilitado	Puudega aeg	Käytöstä poistettu aika	Temps désactivé	अक्षम समय	Waktu dinonaktifkan	Tempo disabili	無効時間	ពេលវេលាពិការ	ನಿಷ್ಕ್ರಿಯಗೊಳಿಸಿದ ಸಮಯ	장애인 시간	ເວລາພິການ	Invalīdu laiks	Masa dilumpuhkan	Gehandicapte tijd	Niepełnosprawny czas	Tempo desativado	Время отключения	เวลาปิดการใช้งาน	Devre dışı kalma süresi	Час вимкнення	禁用时间	thời gian bị vô hiệu hóa
safe_time_setting	Safe time setting	إعداد الوقت الآمن	Bezpečné nastavení času	Sichere Zeiteinstellung	Ρύθμιση ασφαλούς χρόνου	Configuración de hora segura	Ohutu aja seadistus	Turvallinen ajan asetus	Réglage de l'heure en toute sécurité	सुरक्षित समय निर्धारण	Pengaturan waktu yang aman	Impostazione dell'ora sicura	安全な時間設定	ការកំណត់ពេលវេលាសុវត្ថិភាព	ಸುರಕ್ಷಿತ ಸಮಯ ಸೆಟ್ಟಿಂಗ್	안전한 시간 설정	ການຕັ້ງຄ່າເວລາປອດໄພ	Droša laika iestatīšana	Tetapan masa selamat	Veilige tijdinstelling	Bezpieczne ustawienie czasu	Configuração de tempo seguro	Безопасная настройка времени	การตั้งค่าเวลาที่ปลอดภัย	Güvenli zaman ayarı	Налаштування безпечного часу	安全时间设定	Cài đặt thời gian an toàn
start_time	Start time	وقت البدء	Doba spuštění	Startzeit	Ωρα έναρξης	Hora de inicio	Algusaeg	Aloitusaika	Heure de début	समय शुरू	Waktu mulai	Ora di inizio	始まる時間	ពេលវេលាចាប់ផ្តើម	ಆರಂಭವಾಗುವ	시작 시간	ເວລາເລີ່ມຕົ້ນ	Sākuma laiks	Masa mula	Starttijd	Czas rozpoczęcia	Hora de início	Время начала	เวลาเริ่มต้น	Başlangıç ​​saati	Час початку	开始时间	Thời gian bắt đầu
end_time	End time	وقت النهاية	Čas ukončení	Endzeit	Τέλος χρόνου	Hora de finalización	Lõpuaeg	Loppu aika	Heure de fin	अंत समय	Akhir waktu	Tempo scaduto	終了時間	ពេលវេលាបញ្ចប់	ಅಂತಿಮ ಸಮಯ	종료 시간	ເວລາສິ້ນສຸດ	Beigu laiks	Masa tamat	Eindtijd	Koniec czasu	Fim do tempo	Время окончания	เวลาสิ้นสุด	Bitiş zamanı	Час закінчення	时间结束	Thời gian kết thúc
disable_flash_alert_within_a_specified_time	Disable flash alert within a specified time	تعطيل تنبيه الفلاش خلال فترة زمنية محددة	Deaktivovat upozornění bleskem v určeném čase	Deaktivieren Sie den Blitzalarm innerhalb einer bestimmten Zeit	Απενεργοποιήστε την ειδοποίηση φλας εντός καθορισμένου χρόνου	Deshabilitar la alerta de flash dentro de un tiempo específico	Välguhoiatuse keelamine määratud aja jooksul	Poista salamahälytys käytöstä tietyn ajan kuluessa	Désactiver l'alerte flash dans un délai spécifié	एक निर्दिष्ट समय के भीतर फ्लैश अलर्ट अक्षम करें	Nonaktifkan peringatan kilat dalam waktu tertentu	Disabilita l'avviso flash entro un tempo specificato	指定した時間内でフラッシュ アラートを無効にする	បិទការជូនដំណឹងពន្លឺក្នុងរយៈពេលជាក់លាក់មួយ។	ನಿರ್ದಿಷ್ಟ ಸಮಯದೊಳಗೆ ಫ್ಲಾಶ್ ಎಚ್ಚರಿಕೆಯನ್ನು ನಿಷ್ಕ್ರಿಯಗೊಳಿಸಿ	지정된 시간 내에 플래시 경고 비활성화	ປິດການແຈ້ງເຕືອນແຟລດພາຍໃນເວລາທີ່ກໍານົດໄວ້	Atspējot zibspuldzes brīdinājumu noteiktā laikā	Lumpuhkan amaran kilat dalam masa yang ditetapkan	Schakel flitswaarschuwing binnen een bepaalde tijd uit	Wyłącz alert flash w określonym czasie	Desative o alerta flash dentro de um tempo especificado	Отключить флэш-оповещение в течение указанного времени	ปิดการแจ้งเตือนแฟลชภายในระยะเวลาที่กำหนด	Flaş uyarısını belirli bir süre içinde devre dışı bırakın	Вимкніть спалах сповіщення протягом зазначеного часу	在指定时间内禁用闪光警报	Tắt cảnh báo flash trong một thời gian nhất định
battery_saver_setting	Battery saver setting	إعداد توفير البطارية	Nastavení spořiče baterie	Einstellung des Batteriesparmodus	Ρύθμιση εξοικονόμησης μπαταρίας	Configuración de ahorro de batería	Akusäästja seade	Virransäästöasetus	Paramètres d'économie de batterie	बैटरी सेवर सेटिंग	Pengaturan penghemat baterai	Impostazione del risparmio energetico	バッテリーセーバー設定	ការកំណត់ការសន្សំថ្ម	ಬ್ಯಾಟರಿ ಸೇವರ್ ಸೆಟ್ಟಿಂಗ್	배터리 절약 설정	ການຕັ້ງຄ່າຕົວປະຢັດແບັດເຕີຣີ	Akumulatora taupīšanas iestatījums	Tetapan penjimat bateri	Instelling batterijbesparing	Ustawienie oszczędzania baterii	Configuração de economia de bateria	Настройка экономии заряда батареи	การตั้งค่าประหยัดแบตเตอรี่	Pil tasarrufu ayarı	Налаштування енергозбереження	省电设置	Cài đặt tiết kiệm pin
ms	ms	ms	ms	ms	ms	ms	ms	ms	ms	ms	ms	ms	ms	ms	ms	ms	ms	ms	ms	ms	ms	ms	ms	ms	ms	ms	ms	ms
select_app	Select app	حدد التطبيق	Vyberte aplikaci	App auswählen	Επιλέξτε εφαρμογή	Seleccionar aplicación	Valige rakendus	Valitse sovellus	Sélectionnez l'application	ऐप चुनें	Pilih aplikasi	Seleziona l'app	アプリを選択	ជ្រើសរើសកម្មវិធី	ಅಪ್ಲಿಕೇಶನ್ ಆಯ್ಕೆಮಾಡಿ	앱 선택	ເລືອກແອັບ	Izvēlieties lietotni	Pilih apl	Selecteer app	Wybierz aplikację	Selecione o aplicativo	Выберите приложение	เลือกแอป	Uygulamayı seçin	Виберіть додаток	选择应用程序	Chọn ứng dụng
disable_flash_alert_for_selected_apps	Disable flash alert for selected apps	تعطيل تنبيه الفلاش للتطبيقات المحددة	Zakázat bleskové upozornění pro vybrané aplikace	Deaktivieren Sie die Flash-Benachrichtigung für ausgewählte Apps	Απενεργοποίηση ειδοποίησης φλας για επιλεγμένες εφαρμογές	Deshabilitar la alerta flash para aplicaciones seleccionadas	Keelake valitud rakenduste jaoks välguhoiatus	Poista salamahälytys käytöstä valituissa sovelluksissa	Désactiver l'alerte flash pour les applications sélectionnées	चयनित ऐप्स के लिए फ़्लैश अलर्ट अक्षम करें	Nonaktifkan peringatan flash untuk aplikasi yang dipilih	Disabilita avviso flash per le app selezionate	選択したアプリのフラッシュ アラートを無効にする	បិទការជូនដំណឹងពន្លឺសម្រាប់កម្មវិធីដែលបានជ្រើសរើស	ಆಯ್ಕೆಮಾಡಿದ ಅಪ್ಲಿಕೇಶನ್‌ಗಳಿಗಾಗಿ ಫ್ಲ್ಯಾಷ್ ಎಚ್ಚರಿಕೆಯನ್ನು ನಿಷ್ಕ್ರಿಯಗೊಳಿಸಿ	선택한 앱에 대해 플래시 알림 비활성화	ປິດການແຈ້ງເຕືອນແຟລດສໍາລັບແອັບຯທີ່ເລືອກ	Atspējot zibspuldzes brīdinājumu atlasītajām programmām	Lumpuhkan amaran kilat untuk apl terpilih	Schakel flitswaarschuwing uit voor geselecteerde apps	Wyłącz alert flash dla wybranych aplikacji	Desative o alerta flash para aplicativos selecionados	Отключить флэш-оповещение для выбранных приложений	ปิดใช้งานการแจ้งเตือนแฟลชสำหรับแอปที่เลือก	Seçilen uygulamalar için flaş uyarısını devre dışı bırak	Вимкнути спалах сповіщення для вибраних програм	禁用选定应用程序的闪光警报	Tắt cảnh báo flash cho các ứng dụng đã chọn
general	General	عام	Všeobecné	Allgemein	Γενικός	General	Kindral	Kenraali	Général	सामान्य	Umum	Generale	一般的な	ទូទៅ	ಸಾಮಾನ್ಯ	일반적인	ທົ່ວໄປ	Ģenerālis	Umum	Algemeen	Ogólny	Em geral	Общий	ทั่วไป	Genel	Загальний	一般的	Tổng quan
vibrate	Vibrate	تذبذب	Vibrovat	Vibrieren	Δονούμαι	Vibrar	Vibreerige	Värinä	Vibrer	कंपन	Bergetar	Vibrare	振動する	ញ័រ	ವೈಬ್ರೇಟ್	떨리다	ສັ່ນ	Vibrēt	Bergetar	Trillen	Wibrować	Vibrar	Вибрация	สั่น	Titreşim	Вібрувати	颤动	Rung
silent	Silent	صامتة	Tichý	Still	Σιωπηλός	Silencioso	Vaikne	Hiljainen	Silencieux	चुपचाप	Diam	Silenzioso	静けさ	ស្ងាត់	ಮೂಕ	조용한	ງຽບ	Kluss	Senyap	Stil	Cichy	Silencioso	Тихий	เงียบ	Sessiz	Мовчазний	沉默的	Im lặng
btn_continue	CONTINUE	يكمل	POKRAČOVAT	WEITERMACHEN	ΝΑ ΣΥΝΕΧΙΣΕΙ	CONTINUAR	JÄTKAKE	JATKAA	CONTINUER	जारी रखना	MELANJUTKAN	CONTINUA	続く	បន្ត	ಮುಂದುವರಿಸಿ	계속하다	ສືບຕໍ່	TURPINĀT	TERUSKAN	DOORGAAN	KONTYNUOWAĆ	CONTINUAR	ПРОДОЛЖАТЬ	ดำเนินการต่อ	DEVAM ETMEK	ПРОДОВЖУЙТЕ	继续	TIẾP TỤC
btn_get_started	GET STARTED	البدء	ZAČÍT	LOSLEGEN	ΞΕΚΙΝΑ	EMPEZAR	ALUSTAMA	ALOITTAA	COMMENCER	शुरू हो जाओ	MEMULAI	INIZIARE	始めましょう	ចាប់ផ្តើម	ಪ್ರಾರಂಭಿಸಿ	시작하다	ເລີ່ມ​ຕົ້ນ	SĀC	MULAKAN	BEGIN	ZACZYNAJ	INICIAR	НАЧАТЬ	เริ่ม	BAŞLAMAK	ПОЧАТИ	开始吧	BẮT ĐẦU
txt_repeat	Repeat	يكرر	Opakovat	Wiederholen	Επαναλαμβάνω	Repetir	Korda	Toistaa	Répéter	दोहराना	Mengulang	Ripetere	繰り返す	ធ្វើម្តងទៀត	ಪುನರಾವರ್ತಿಸಿ	반복하다	ເຮັດຊ້ຳ	Atkārtojiet	ulang	Herhalen	Powtarzać	Repita	Повторить	ทำซ้ำ	Tekrarlamak	Повторіть	重复	Lặp lại
restricted	Restricted list	قائمة مقيدة	Omezený seznam	Eingeschränkte Liste	Περιορισμένη λίστα	Lista restringida	Piiratud nimekiri	Rajoitettu lista	Liste restreinte	प्रतिबंधित सूची	Daftar terbatas	Lista ristretta	制限リスト	បញ្ជីដាក់កម្រិត	ನಿರ್ಬಂಧಿತ ಪಟ್ಟಿ	제한된 목록	ບັນຊີລາຍຊື່ທີ່ຖືກຈໍາກັດ	Ierobežots saraksts	Senarai terhad	Beperkte lijst	Lista ograniczona	Lista Restrita	Ограниченный список	รายการที่ถูกจำกัด	Kısıtlı liste	Обмежений список	受限列表	Danh sách hạn chế
page_3_3	Page: 3/3	الصفحة: 3/3	Strana: 3/3	Seite: 3/3	Σελίδα: 3/3	Página: 3/3	Lehekülg: 3/3	Sivu: 3/3	Page : 3/3	पृष्ठ: 3/3	Halaman: 3/3	Pagina: 3/3	ページ: 3/3	ទំព័រ៖ ៣/៣	ಪುಟ: 3/3	페이지: 3/3	ໜ້າ: 3/3	Lapa: 3/3	Muka surat: 3/3	Pagina: 3/3	Strona: 3/3	Página: 3/3	Страница: 3/3	หน้า: 3/3	Sayfa: 3/3	Сторінка: 3/3	页数：3/3	Trang: 3/3
page_2_3	Page: 2/3	الصفحة: 2/3	Strana: 2/3	Seite: 2/3	Σελίδα: 2/3	Página: 2/3	Lehekülg: 2/3	Sivu: 2/3	Page : 2/3	पृष्ठ: 2/3	Halaman: 2/3	Pagina: 2/3	ページ: 2/3	ទំព័រ៖ ២/៣	ಪುಟ: 2/3	페이지: 2/3	ໜ້າ: 2/3	Lapa: 2/3	Muka surat: 2/3	Pagina: 2/3	Strona: 2/3	Página: 2/3	Страница: 2/3	หน้า: 2/3	Sayfa: 2/3	Сторінка: 2/3	页数：2/3	Trang: 2/3
page_1_3	Page: 1/3	الصفحة: 1/3	Strana: 1/3	Seite: 1/3	Σελίδα: 1/3	Página: 1/3	Lehekülg: 1/3	Sivu: 1/3	Page : 1/3	पृष्ठ: 1/3	Halaman: 1/3	Pagina: 1/3	ページ: 1/3	ទំព័រ៖ ១/៣	ಪುಟ: 1/3	페이지: 1/3	ໜ້າ: 1/3	Lapa: 1/3	Muka surat: 1/3	Pagina: 1/3	Strona: 1/3	Página: 1/3	Страница: 1/3	หน้า: 1/3	Sayfa: 1/3	Сторінка: 1/3	页数: 1/3	Trang: 1/3
txt_repeat_description	When this mode is enabled, the flash will repeat continuously. (Only works when touching the test button above)	عند تمكين هذا الوضع، سوف يتكرر الفلاش بشكل مستمر. (يعمل فقط عند لمس زر الاختبار أعلاه)	Když je tento režim povolen, blesk se bude nepřetržitě opakovat. (Funguje pouze při dotyku výše uvedeného testovacího tlačítka)	Wenn dieser Modus aktiviert ist, wird der Blitz kontinuierlich wiederholt. (Funktioniert nur, wenn Sie die Testtaste oben berühren)	Όταν αυτή η λειτουργία είναι ενεργοποιημένη, το φλας θα επαναλαμβάνεται συνεχώς. (Λειτουργεί μόνο όταν αγγίζετε το κουμπί δοκιμής παραπάνω)	Cuando este modo está habilitado, el flash se repetirá continuamente. (Solo funciona cuando se toca el botón de prueba de arriba)	Kui see režiim on lubatud, kordab välklamp pidevalt. (Toimib ainult ülaltoodud testnupu puudutamisel)	Kun tämä tila on käytössä, salama toistuu jatkuvasti. (Toimii vain, kun kosketat yllä olevaa testipainiketta)	Lorsque ce mode est activé, le flash se répétera en continu. (Fonctionne uniquement en touchant le bouton de test ci-dessus)	जब यह मोड सक्षम होता है, तो फ़्लैश लगातार दोहराया जाएगा। (केवल ऊपर दिए गए परीक्षण बटन को छूने पर ही काम करता है)	Saat mode ini diaktifkan, flash akan berulang terus menerus. (Hanya berfungsi ketika menyentuh tombol tes di atas)	Quando questa modalità è abilitata, il flash si ripeterà continuamente. (Funziona solo quando si tocca il pulsante di prova sopra)	このモードを有効にすると、フラッシュが連続的に繰り返されます。 (上のテストボタンをタッチした場合のみ機能します)	នៅពេលដែលរបៀបនេះត្រូវបានបើក ពន្លឺនឹងកើតឡើងជាបន្តបន្ទាប់។ (ដំណើរការតែនៅពេលប៉ះប៊ូតុងសាកល្បងខាងលើ)	ಈ ಮೋಡ್ ಅನ್ನು ಸಕ್ರಿಯಗೊಳಿಸಿದಾಗ, ಫ್ಲ್ಯಾಷ್ ನಿರಂತರವಾಗಿ ಪುನರಾವರ್ತಿಸುತ್ತದೆ. (ಮೇಲಿನ ಪರೀಕ್ಷಾ ಬಟನ್ ಅನ್ನು ಸ್ಪರ್ಶಿಸಿದಾಗ ಮಾತ್ರ ಕಾರ್ಯನಿರ್ವಹಿಸುತ್ತದೆ)	이 모드를 활성화하면 플래시가 계속해서 반복됩니다. (위의 테스트 버튼을 터치해야만 작동됩니다)	ເມື່ອໂຫມດນີ້ຖືກເປີດໃຊ້, flash ຈະເຮັດຊ້ໍາຢ່າງຕໍ່ເນື່ອງ. (ພຽງແຕ່ເຮັດວຽກເມື່ອແຕະປຸ່ມທົດສອບຂ້າງເທິງ)	Kad šis režīms ir iespējots, zibspuldze atkārtojas nepārtraukti. (Darbojas tikai tad, ja pieskaras iepriekš esošajai testa pogai)	Apabila mod ini didayakan, denyar akan berulang secara berterusan. (Hanya berfungsi apabila menyentuh butang ujian di atas)	Wanneer deze modus is ingeschakeld, wordt de flits continu herhaald. (Werkt alleen als u de testknop hierboven aanraakt)	Gdy ten tryb jest włączony, lampa błyskowa będzie się powtarzać w sposób ciągły. (Działa tylko po dotknięciu przycisku testowego powyżej)	Quando este modo estiver ativado, o flash se repetirá continuamente. (Só funciona ao tocar no botão de teste acima)	Когда этот режим включен, вспышка будет повторяться непрерывно. (Работает только при нажатии кнопки тестирования выше)	เมื่อเปิดใช้งานโหมดนี้ แฟลชจะทำซ้ำอย่างต่อเนื่อง (ใช้งานได้เมื่อสัมผัสปุ่มทดสอบด้านบนเท่านั้น)	Bu mod etkinleştirildiğinde flaş sürekli olarak tekrarlanacaktır. (Yalnızca yukarıdaki test düğmesine dokunulduğunda çalışır)	Коли цей режим увімкнено, спалах буде повторюватися безперервно. (Працює лише при натисканні кнопки перевірки вище)	启用此模式后，闪光灯将连续重复。 （仅当触摸上面的测试按钮时有效）	Khi bật chế độ này, đèn flash sẽ lặp lại liên tục. (Chỉ hoạt động khi chạm vào nút kiểm tra ở trên)
txt_general_description	Flash can be used in the device's General mode.	يمكن استخدام الفلاش في الوضع العام بالجهاز.	Blesk lze použít v obecném režimu zařízení.	Flash kann im allgemeinen Modus des Geräts verwendet werden.	Το φλας μπορεί να χρησιμοποιηθεί στη Γενική λειτουργία της συσκευής.	Flash se puede utilizar en el modo General del dispositivo.	Välku saab kasutada seadme üldises režiimis.	Salamaa voidaan käyttää laitteen yleistilassa.	Flash peut être utilisé en mode Général de l'appareil.	फ़्लैश का उपयोग डिवाइस के सामान्य मोड में किया जा सकता है।	Flash dapat digunakan dalam mode Umum perangkat.	Flash può essere utilizzato nella modalità Generale del dispositivo.	フラッシュはデバイスの一般モードで使用できます。	Flash អាចត្រូវបានប្រើនៅក្នុងមុខងារទូទៅរបស់ឧបករណ៍។	ಸಾಧನದ ಸಾಮಾನ್ಯ ಕ್ರಮದಲ್ಲಿ ಫ್ಲ್ಯಾಶ್ ಅನ್ನು ಬಳಸಬಹುದು.	플래시는 장치의 일반 모드에서 사용할 수 있습니다.	Flash ສາມາດຖືກນໍາໃຊ້ໃນໂຫມດທົ່ວໄປຂອງອຸປະກອນ.	Zibspuldzi var izmantot ierīces vispārīgajā režīmā.	Denyar boleh digunakan dalam mod Umum peranti.	Flitser kan worden gebruikt in de algemene modus van het apparaat.	Flasha można używać w trybie ogólnym urządzenia.	O Flash pode ser usado no modo Geral do dispositivo.	Вспышку можно использовать в общем режиме устройства.	สามารถใช้แฟลชได้ในโหมดทั่วไปของอุปกรณ์	Flaş cihazın Genel modunda kullanılabilir.	Flash можна використовувати в загальному режимі пристрою.	闪存可在设备的常规模式下使用。	Flash có thể được sử dụng ở chế độ Chung của thiết bị.
txt_vibrate_description	Flash can be used in the device's Vibrate mode.	يمكن استخدام الفلاش في وضع الاهتزاز بالجهاز.	Blesk lze použít v režimu vibrací zařízení.	Der Blitz kann im Vibrationsmodus des Geräts verwendet werden.	Το φλας μπορεί να χρησιμοποιηθεί στη λειτουργία δόνησης της συσκευής.	El flash se puede utilizar en el modo Vibrar del dispositivo.	Välku saab kasutada seadme vibratsioonirežiimis.	Salamaa voidaan käyttää laitteen värinätilassa.	Le flash peut être utilisé en mode Vibreur de l'appareil.	फ़्लैश का उपयोग डिवाइस के वाइब्रेट मोड में किया जा सकता है।	Flash dapat digunakan dalam mode Getar perangkat.	Il flash può essere utilizzato nella modalità Vibrazione del dispositivo.	フラッシュはデバイスの振動モードで使用できます。	Flash អាចត្រូវបានប្រើនៅក្នុងរបៀប Vibrate របស់ឧបករណ៍។	ಸಾಧನದ ವೈಬ್ರೇಟ್ ಮೋಡ್‌ನಲ್ಲಿ ಫ್ಲ್ಯಾಶ್ ಅನ್ನು ಬಳಸಬಹುದು.	플래시는 장치의 진동 모드에서 사용할 수 있습니다.	ສາມາດໃຊ້ Flash ໃນໂໝດສັ່ນສະເທືອນຂອງອຸປະກອນໄດ້.	Zibspuldzi var izmantot ierīces vibrācijas režīmā.	Denyar boleh digunakan dalam mod Getar peranti.	Flitser kan worden gebruikt in de trilmodus van het apparaat.	Flasha można używać w trybie wibracji urządzenia.	O flash pode ser usado no modo Vibrar do dispositivo.	Вспышку можно использовать в режиме вибрации устройства.	สามารถใช้แฟลชในโหมดสั่นของอุปกรณ์ได้	Flaş cihazın Titreşim modunda kullanılabilir.	Спалах можна використовувати в режимі вібрації пристрою.	闪光灯可在设备的振动模式下使用。	Flash có thể được sử dụng ở chế độ Rung của thiết bị.
txt_silent_description	Flash can be used in the device's Silent mode.	يمكن استخدام الفلاش في الوضع الصامت بالجهاز.	Blesk lze použít v tichém režimu zařízení.	Flash kann im Silent-Modus des Geräts verwendet werden.	Το φλας μπορεί να χρησιμοποιηθεί στη αθόρυβη λειτουργία της συσκευής.	Flash se puede utilizar en el modo silencioso del dispositivo.	Välku saab kasutada seadme vaikses režiimis.	Salamaa voidaan käyttää laitteen äänettömässä tilassa.	Flash peut être utilisé en mode silencieux de l'appareil.	फ़्लैश का उपयोग डिवाइस के साइलेंट मोड में किया जा सकता है।	Flash dapat digunakan dalam mode Senyap perangkat.	Il flash può essere utilizzato nella modalità silenziosa del dispositivo.	フラッシュはデバイスのサイレントモードで使用できます。	Flash អាចត្រូវបានប្រើនៅក្នុងរបៀបស្ងាត់របស់ឧបករណ៍។	ಸಾಧನದ ಸೈಲೆಂಟ್ ಮೋಡ್‌ನಲ್ಲಿ ಫ್ಲ್ಯಾಶ್ ಅನ್ನು ಬಳಸಬಹುದು.	플래시는 장치의 무음 모드에서 사용할 수 있습니다.	ສາມາດໃຊ້ Flash ໃນໂໝດງຽບຂອງອຸປະກອນ.	Zibspuldzi var izmantot ierīces klusuma režīmā.	Denyar boleh digunakan dalam mod Senyap peranti.	Flitser kan worden gebruikt in de stille modus van het apparaat.	Flasha można używać w trybie cichym urządzenia.	O Flash pode ser usado no modo Silencioso do dispositivo.	Вспышку можно использовать в бесшумном режиме устройства.	สามารถใช้แฟลชได้ในโหมดเงียบของอุปกรณ์	Flaş cihazın Sessiz modunda kullanılabilir.	Спалах можна використовувати в беззвучному режимі пристрою.	闪光灯可在设备的静音模式下使用。	Flash có thể được sử dụng ở chế độ Im lặng của thiết bị.
the_device_does_not_support_flash	We can't find your flash	لا يمكننا العثور على الفلاش الخاص بك	Nemůžeme najít váš blesk	Wir können Ihren Blitz nicht finden	Δεν μπορούμε να βρούμε το φλας σας	No podemos encontrar tu flash	Me ei leia teie välku	Emme löydä salamaasi	Nous ne trouvons pas votre flash	हमें आपका फ़्लैश नहीं मिल सका	Kami tidak dapat menemukan flash Anda	Non riusciamo a trovare il tuo flash	あなたのフラッシュが見つかりません	យើងមិនអាចស្វែងរកពន្លឺរបស់អ្នកបានទេ។	ನಿಮ್ಮ ಫ್ಲ್ಯಾಷ್ ಅನ್ನು ನಾವು ಹುಡುಕಲಾಗಲಿಲ್ಲ	플래시를 찾을 수 없습니다	ພວກ​ເຮົາ​ບໍ່​ສາ​ມາດ​ຊອກ​ຫາ flash ຂອງ​ທ່ານ​	Mēs nevaram atrast jūsu zibspuldzi	Kami tidak dapat mencari kilat anda	We kunnen uw flitser niet vinden	Nie możemy znaleźć Twojej lampy błyskowej	Não conseguimos encontrar seu flash	Мы не можем найти вашу вспышку	เราไม่พบแฟลชของคุณ	Flaşınızı bulamıyoruz	Ми не можемо знайти ваш спалах	我们找不到您的闪光灯	Chúng tôi không thể tìm thấy đèn flash của bạn