Text Key	Base(en)	Arabic (ar)	Czech (cs)	German (de)	Greek (el)	Spanish (es)	Estonian (et)	Finnish (fi)	French (fr)	Hindi (hi)	Indonesian (id)	Italian  (it)	Japanese (ja)	Khmer (km)	Kannada (kn)	Korean (ko)	Lao (lo)	Latvian (lv)	Malay (ms)	Dutch (nl)	Polish (pl)	Portuguese (pt-PT)	Russian (ru)	Thai (th)	Turkish (tr)	Ukrainian (uk)	Chinese (zh-Hans)	Vietnamese (vi)
app_name	Cute Themes	مواضيع لطيف	Roztomilé motivy	Niedliche Themen	Χαριτωμένα θέματα	Temas lindos	Armsad teemad	Söpöjä teemoja	Thèmes mignons	प्यारे विषय-वस्तु	Tema Lucu	Temi carini	かわいいテーマ	ស្បែកគួរឱ្យស្រឡាញ់	ಮುದ್ದಾದ ಥೀಮ್‌ಗಳು	귀여운 테마	ຫົວຂໍ້ໜ້າຮັກ	Jauki motīvi	Tema Comel	Leuke thema's	Śliczne motywy	Temas fofos	Симпатичные темы	ธีมน่ารัก	Sevimli Temalar	Милі теми	可爱的主题	Chủ đề dễ thương
title_themes	Themes	المواضيع	Témata	Themen	Θέματα	Temas	Teemad	Teemat	Thèmes	विषय-वस्तु	Tema	Temi	テーマ	ស្បែក	ಥೀಮ್ಗಳು	테마	ຫົວຂໍ້	Tēmas	Tema	Thema's	Motywy	Temas	Темы	ธีมส์	Temalar	Теми	主题	Chủ đề
title_icon	Icons	أيقونات	ikony	Symbole	εικονίδια	Iconos	Ikoonid	Kuvakkeet	Icônes	माउस	Ikon	Icone	アイコン	រូបតំណាង	ಚಿಹ್ನೆಗಳು	아이콘	ໄອຄອນ	Ikonas	ikon	Pictogrammen	Ikony	Ícones	Иконки	ไอคอน	Simgeler	Ікони	图标	Biểu tượng
title_widget	Widgets	الحاجيات	Widgety	Widgets	Widgets	widgets	Vidinad	Widgetit	Widgets	विजेट	Widget	Widget	ウィジェット	ធាតុក្រាហ្វិក	ವಿಡ್ಗೆಟ್ಗಳು	위젯	ວິດເຈັດ	Logrīki	Widget	Widgets	Widżety	Widgets	Виджеты	วิดเจ็ต	Widget'lar	Віджети	小部件	Widget
title_wallpapers	Wallpapers	خلفيات	Tapety	Hintergrundbilder	Ταπετσαρίες	Fondos de pantalla	Taustapildid	Taustakuvat	Fonds d'écran	वॉलपेपर	Wallpaper	Sfondi	壁紙	ផ្ទាំងរូបភាព	ವಾಲ್‌ಪೇಪರ್‌ಗಳು	배경화면	ພາບພື້ນຫຼັງ	Tapetes	Kertas dinding	Achtergronden	Tapety	Papeis de parede	Обои	วอลเปเปอร์	Duvar kağıtları	Шпалери	壁纸	Hình nền
title_settings	Settings	إعدادات	Nastavení	Einstellungen	Ρυθμίσεις	Ajustes	Seaded	asetukset	Paramètres	समायोजन	Pengaturan	Impostazioni	設定	ការកំណត់	ಸಂಯೋಜನೆಗಳು	설정	ການຕັ້ງຄ່າ	Iestatījumi	tetapan	Instellingen	Ustawienia	Configurações	Настройки	การตั้งค่า	Ayarlar	Налаштування	设置	Cài đặt
loading_failed	Loading failed :((	فشل التحميل :((	Načítání se nezdařilo :((	Laden fehlgeschlagen :((	Η φόρτωση απέτυχε :((	Carga fallida :((	Laadimine ebaõnnestus :((	Lataus epäonnistui :((	Le chargement a échoué :((	लोडिंग विफल :((	Gagal Memuat :((	Caricamento fallito :((	読み込みに失敗しました:((	ការផ្ទុកបរាជ័យ :((	ಲೋಡ್ ವಿಫಲವಾಗಿದೆ :((	로딩 실패 :((	ການໂຫຼດລົ້ມເຫລວ :((	Ielāde neizdevās :((	Memuatkan gagal :((	Laden mislukt :((	Ładowanie nie powiodło się :((	Falha ao carregar :((	Загрузка не удалась :((	โหลดล้มเหลว :((	Yükleme başarısız oldu :((	Не вдалося завантажити :((	加载失败:((	Tải không thành công :((
photo	Photo	صورة	Fotografie	Foto	φωτογραφία	Foto	Foto	Kuva	Photo	तस्वीर	Foto	Foto	写真	រូបថត	ಫೋಟೋ	사진	ຮູບ	Fotoattēls	Foto	Foto	Zdjęcie	foto	Фото	รูปถ่าย	Fotoğraf	Фото	照片	hình chụp
text	Text	نص	Text	Text	Κείμενο	Texto	Tekst	Teksti	Texte	मूलपाठ	Teks	Testo	文章	អត្ថបទ	ಪಠ್ಯ	텍스트	ຂໍ້​ຄວາມ	Teksts	Teks	Tekst	Tekst	Texto	Текст	ข้อความ	Metin	текст	文本	Chữ
gallery	Gallery	صالة عرض	Galerie	Galerie	Εκθεσιακός χώρος	Galería	Galerii	Galleria	Galerie	गैलरी	Galeri	Galleria	ギャラリー	វិចិត្រសាល	ಗ್ಯಾಲರಿ	갤러리	ຄັງຮູບ	Galerija	Galeri	Galerij	Galeria	Galeria	Галерея	แกลเลอรี่	Galeri	Галерея	画廊	Phòng trưng bày
clear	Clear	واضح	Průhledná	Klar	Σαφή	Claro	Selge	Asia selvä	Clair	स्पष्ट	Jernih	Chiaro	クリア	ច្បាស់	ಸ್ಪಷ್ಟ	분명한	ຈະແຈ້ງ	Skaidrs	Jelas	Duidelijk	Jasne	Claro	Прозрачный	ชัดเจน	Temizlemek	ясно	清除	Thông thoáng
please_enter_text	Please enter text	الرجاء إدخال النص	Zadejte text	Bitte geben Sie Text ein	Εισαγάγετε κείμενο	Por favor ingresa texto	Sisestage tekst	Kirjoita teksti	Veuillez saisir du texte	कृपया पाठ दर्ज करें	Silakan masukkan teks	Inserisci il testo	テキストを入力してください	សូមបញ្ចូលអត្ថបទ	ದಯವಿಟ್ಟು ಪಠ್ಯವನ್ನು ನಮೂದಿಸಿ	텍스트를 입력해주세요	ກະລຸນາໃສ່ຂໍ້ຄວາມ	Lūdzu, ievadiet tekstu	Sila masukkan teks	Voer tekst in	Proszę wpisać tekst	Por favor insira o texto	Пожалуйста, введите текст	กรุณากรอกข้อความ	Lütfen metni girin	Будь ласка, введіть текст	请输入文字	Vui lòng nhập văn bản
font	Font	الخط	Písmo	Schriftart	Γραμματοσειρά	Fuente	Font	Fontti	Police de caractère	फ़ॉन्ट	huruf	Font	フォント	ពុម្ពអក្សរ	ಫಾಂಟ್	폰트	ຟອນ	Fonts	fon	Lettertype	Czcionka	Fonte	Шрифт	แบบอักษร	Yazı tipi	Шрифт	字体	Nét chữ
text_size	Text Size	حجم الخط	Velikost textu	Textgröße	Μέγεθος κειμένου	Tamano del texto	Teksti suurus	Tekstin koko	Taille du texte	टेक्स्ट का साइज़	Ukuran teks	Dimensione del testo	文字サイズ	ទំហំអត្ថបទ	ಪಠ್ಯದ ಗಾತ್ರ	텍스트 크기	ຂະໜາດຂໍ້ຄວາມ	Teksta lielums	Saiz Teks	Lettergrootte	Rozmiar czcionki	Tamanho do texto	Размер текста	ขนาดข้อความ	Yazı Boyutu	Розмір тексту	字体大小	Cỡ chữ
photo_frame	Photo Frame	إطار الصورة	Foto rámeček	Bilderrahmen	Κορνίζα	Marco de la foto	Pildiraam	Valokuvakehys	Cadre photo	फोटो फ्रेम	Bingkai foto	Cornice	フォトフレーム	ស៊ុម​រូបថត	ಫೋಟೋ ಫ್ರೇಮ್	사진 프레임	ກອບຮູບ	Foto rāmis	Bingkai foto	Foto lijstje	Ramka na zdjęcia	Moldura para fotos	Фоторамка	กรอบรูป	Fotoğraf çerçevesi	Фоторамка	相框	Khung ảnh
text_location	Text Location	موقع النص	Umístění textu	Textposition	Τοποθεσία κειμένου	Ubicación del texto	Teksti asukoht	Tekstin sijainti	Emplacement du texte	पाठ स्थान	Lokasi Teks	Posizione del testo	テキストの場所	ទីតាំងអត្ថបទ	ಪಠ್ಯ ಸ್ಥಳ	텍스트 위치	ຂໍ້ຄວາມສະຖານທີ່	Teksta atrašanās vieta	Lokasi Teks	Tekstlocatie	Lokalizacja tekstu	Localização do texto	Расположение текста	ตำแหน่งข้อความ	Metin Konumu	Розташування тексту	文本位置	Vị trí văn bản
install	INSTALL	ثَبَّتَ	NAINSTALUJTE	INSTALLIEREN	ΕΓΚΑΘΙΣΤΩ	INSTALAR	PAIGALDA	ASENTAA	INSTALLER	स्थापित करना	INSTALL	INSTALLARE	インストール	ដំឡើង	ಸ್ಥಾಪಿಸಿ	설치하다	ຕິດຕັ້ງ	UZSTĀDĪT	PASANG	INSTALLEREN	ZAINSTALOWAĆ	INSTALAR	УСТАНОВИТЬ	ติดตั้ง	DÜZENLEMEK	ВСТАНОВИТИ	安装	CÀI ĐẶT
install_lowercase	Install	ثَبَّتَ	Nainstalujte	Installieren	Εγκαθιστώ	Instalar	Installige	Asentaa	Installer	स्थापित करना	Install	Installare	インストール	ដំឡើង	ಸ್ಥಾಪಿಸಿ	설치하다	ຕິດຕັ້ງ	Uzstādīt	Pasang	Installeren	zainstalować	Instalar	Установить	ติดตั้ง	Düzenlemek	встановити	安装	Cài đặt
app_widget_description	App Widget	القطعة التطبيق	Widget aplikace	App-Widget	Γραφικό στοιχείο εφαρμογής	Widget de aplicación	Rakenduse vidin	Sovellus-widget	Widget d'application	ऐप विजेट	Widget Aplikasi	Widget dell'app	アプリウィジェット	ធាតុក្រាហ្វិកកម្មវិធី	ಅಪ್ಲಿಕೇಶನ್ ವಿಜೆಟ್	앱 위젯	App Widget	Lietotņu logrīks	Widget Apl	App-widget	Widżet aplikacji	Widget de aplicativo	Виджет приложения	วิดเจ็ตแอป	Uygulama Widget'ı	Віджет програми	应用程序小部件	Tiện ích ứng dụng
set_wallpaper	Set Wallpaper	تعيين خلفية	Nastavit tapetu	Hintergrundbild festlegen	Ορισμός ταπετσαρίας	Establecer fondo de pantalla	Määra taustpilt	Aseta taustakuva	Définir le papier peint	वॉलपेपर सेट करो	Memasang wallpaper	Imposta sfondo	壁紙を設定する	កំណត់ផ្ទាំងរូបភាព	ವಾಲ್‌ಪೇಪರ್ ಹೊಂದಿಸಿ	배경화면 설정	ຕັ້ງພາບພື້ນຫຼັງ	Iestatīt fona attēlu	Tetapkan Kertas Dinding	Stel in als achtergrond	Ustaw tapetę	Definir papel de parede	Установка обоев	ตั้งค่าวอลเปเปอร์	Duvar kağıdı ayarla	Встановити шпалери	设置壁纸	Cài đặt hình nền
failed_shortcut	Failed to download Shortcut! Please try again later	فشل في تنزيل الاختصار! الرجاء معاودة المحاولة في وقت لاحق	Stažení zástupce se nezdařilo! Prosím zkuste to znovu později	Shortcut konnte nicht heruntergeladen werden! Bitte versuchen Sie es später noch einmal	Η λήψη της συντόμευσης απέτυχε! Παρακαλώ δοκιμάστε ξανά αργότερα	¡No se pudo descargar el acceso directo! Por favor, inténtelo de nuevo más tarde	Otsetee allalaadimine nurjus! Palun proovi hiljem uuesti	Pikakuvakkeen lataaminen epäonnistui! Yritä uudelleen myöhemmin	Échec du téléchargement du raccourci ! Veuillez réessayer plus tard	शॉर्टकट डाउनलोड करने में विफल! कृपया बाद में पुन: प्रयास करें	Gagal mengunduh Pintasan! Silakan coba lagi nanti	Impossibile scaricare il collegamento! Per favore riprova più tardi	ショートカットのダウンロードに失敗しました!後でもう一度試してください	បរាជ័យក្នុងការទាញយកផ្លូវកាត់! សូម​ព្យាយាម​ម្តង​ទៀត​នៅ​ពេល​ក្រោយ	ಶಾರ್ಟ್‌ಕಟ್ ಡೌನ್‌ಲೋಡ್ ಮಾಡಲು ವಿಫಲವಾಗಿದೆ! ದಯವಿಟ್ಟು ನಂತರ ಮತ್ತೆ ಪ್ರಯತ್ನಿಸಿ	바로가기를 다운로드하지 못했습니다! 나중에 다시 시도 해주십시오	ດາວໂຫຼດທາງລັດບໍ່ສຳເລັດ! ກະລຸນາລອງໃໝ່ໃນພາຍຫຼັງ	Neizdevās lejupielādēt saīsni! Lūdzu, pamēģiniet vēlreiz vēlāk	Gagal memuat turun Pintasan! Sila cuba sebentar lagi	Kan snelkoppeling niet downloaden! Probeer het later opnieuw	Nie udało się pobrać skrótu! Spróbuj ponownie później	Falha ao baixar o atalho! Por favor, tente novamente mais tarde	Не удалось загрузить ярлык! Пожалуйста, повторите попытку позже	ดาวน์โหลดทางลัดไม่สำเร็จ! กรุณาลองใหม่อีกครั้งในภายหลัง	Kısayol indirilemedi! Lütfen daha sonra tekrar deneyiniz	Не вдалося завантажити ярлик! Будь-ласка спробуйте пізніше	快捷方式下载失败！请稍后再试	Không tải xuống được Phím tắt! Vui lòng thử lại sau
failed_widget	Failed to download Widget! Please try again later	فشل تنزيل القطعة! الرجاء معاودة المحاولة في وقت لاحق	Widget se nepodařilo stáhnout! Prosím zkuste to znovu později	Widget konnte nicht heruntergeladen werden! Bitte versuchen Sie es später noch einmal	Η λήψη του Widget απέτυχε! Παρακαλώ δοκιμάστε ξανά αργότερα	¡No se pudo descargar el widget! Por favor, inténtelo de nuevo más tarde	Vidina allalaadimine nurjus! Palun proovi hiljem uuesti	Widgetin lataaminen epäonnistui! Yritä uudelleen myöhemmin	Échec du téléchargement du widget ! Veuillez réessayer plus tard	विजेट डाउनलोड करने में विफल! कृपया बाद में पुन: प्रयास करें	Gagal mengunduh Widget! Silakan coba lagi nanti	Impossibile scaricare il widget! Per favore riprova più tardi	ウィジェットのダウンロードに失敗しました!後でもう一度試してください	បរាជ័យក្នុងការទាញយក Widget! សូម​ព្យាយាម​ម្តង​ទៀត​នៅ​ពេល​ក្រោយ	ವಿಜೆಟ್ ಡೌನ್‌ಲೋಡ್ ಮಾಡಲು ವಿಫಲವಾಗಿದೆ! ದಯವಿಟ್ಟು ನಂತರ ಮತ್ತೆ ಪ್ರಯತ್ನಿಸಿ	위젯을 다운로드하지 못했습니다! 나중에 다시 시도 해주십시오	ລົ້ມເຫລວໃນການດາວໂຫຼດ Widget! ກະລຸນາລອງໃໝ່ໃນພາຍຫຼັງ	Neizdevās lejupielādēt logrīku! Lūdzu, pamēģiniet vēlreiz vēlāk	Gagal memuat turun Widget! Sila cuba sebentar lagi	Kan de widget niet downloaden! Probeer het later opnieuw	Nie udało się pobrać widgetu! Spróbuj ponownie później	Falha ao baixar o widget! Por favor, tente novamente mais tarde	Не удалось загрузить виджет! Пожалуйста, повторите попытку позже	ดาวน์โหลดวิดเจ็ตไม่สำเร็จ! กรุณาลองใหม่อีกครั้งในภายหลัง	Widget indirilemedi! Lütfen daha sonra tekrar deneyiniz	Не вдалося завантажити віджет! Будь-ласка спробуйте пізніше	下载小部件失败！请稍后再试	Không tải được tiện ích xuống! Vui lòng thử lại sau
failed_download	Failed to download! Please try again later	فشل في التحميل! الرجاء معاودة المحاولة في وقت لاحق	Stažení se nezdařilo! Prosím zkuste to znovu později	Download fehlgeschlagen! Bitte versuchen Sie es später noch einmal	Αποτυχία λήψης! Παρακαλώ δοκιμάστε ξανά αργότερα	¡Error al descargar! Por favor, inténtelo de nuevo más tarde	Allalaadimine ebaõnnestus! Palun proovi hiljem uuesti	Lataus epäonnistui! Yritä uudelleen myöhemmin	Échec du téléchargement ! Veuillez réessayer plus tard	डाउनलोड करने में विफल! कृपया बाद में पुन: प्रयास करें	Gagal mengunduh! Silakan coba lagi nanti	Download non riuscito! Per favore riprova più tardi	ダウンロードに失敗しました!後でもう一度試してください	បរាជ័យក្នុងការទាញយក! សូម​ព្យាយាម​ម្តង​ទៀត​នៅ​ពេល​ក្រោយ	ಡೌನ್‌ಲೋಡ್ ಮಾಡಲು ವಿಫಲವಾಗಿದೆ! ದಯವಿಟ್ಟು ನಂತರ ಮತ್ತೆ ಪ್ರಯತ್ನಿಸಿ	다운로드에 실패했습니다! 나중에 다시 시도 해주십시오	ດາວໂຫຼດບໍ່ສຳເລັດ! ກະລຸນາລອງໃໝ່ໃນພາຍຫຼັງ	Neizdevās lejupielādēt! Lūdzu, pamēģiniet vēlreiz vēlāk	Gagal memuat turun! Sila cuba sebentar lagi	Download mislukt! Probeer het later opnieuw	Nie udało się pobrać! Spróbuj ponownie później	Falhou o download! Por favor, tente novamente mais tarde	Не удалось скачать! Пожалуйста, повторите попытку позже	ดาวน์โหลดไม่สำเร็จ! กรุณาลองใหม่อีกครั้งในภายหลัง	İndirme başarısız oldu! Lütfen daha sonra tekrar deneyiniz	Не вдалося завантажити! Будь-ласка спробуйте пізніше	下载失败！请稍后再试	Không thể tải xuống! Vui lòng thử lại sau
failed_create_bitmap	Failed to create bitmap! Please try again later	فشل في إنشاء الصورة النقطية! الرجاء معاودة المحاولة في وقت لاحق	Vytvoření bitmapy se nezdařilo! Prosím zkuste to znovu později	Bitmap konnte nicht erstellt werden! Bitte versuchen Sie es später noch einmal	Αποτυχία δημιουργίας bitmap! Παρακαλώ δοκιμάστε ξανά αργότερα	¡No se pudo crear el mapa de bits! Por favor, inténtelo de nuevo más tarde	Bitkaardi loomine ebaõnnestus! Palun proovi hiljem uuesti	Bittikartan luominen epäonnistui! Yritä uudelleen myöhemmin	Échec de la création du bitmap ! Veuillez réessayer plus tard	बिटमैप बनाने में विफल! कृपया बाद में पुन: प्रयास करें	Gagal membuat bitmap! Silakan coba lagi nanti	Impossibile creare la bitmap! Per favore riprova più tardi	ビットマップの作成に失敗しました!後でもう一度試してください	បរាជ័យ​ក្នុង​ការ​បង្កើត​ផែនទី​ប៊ីត! សូម​ព្យាយាម​ម្តង​ទៀត​នៅ​ពេល​ក្រោយ	ಬಿಟ್‌ಮ್ಯಾಪ್ ರಚಿಸಲು ವಿಫಲವಾಗಿದೆ! ದಯವಿಟ್ಟು ನಂತರ ಮತ್ತೆ ಪ್ರಯತ್ನಿಸಿ	비트맵을 생성하지 못했습니다! 나중에 다시 시도 해주십시오	ລົ້ມເຫລວໃນການສ້າງແຜນທີ່ບິດ! ກະລຸນາລອງໃໝ່ໃນພາຍຫຼັງ	Neizdevās izveidot bitkarti! Lūdzu, pamēģiniet vēlreiz vēlāk	Gagal mencipta bitmap! Sila cuba sebentar lagi	Kan bitmap niet maken! Probeer het later opnieuw	Nie udało się utworzyć bitmapy! Spróbuj ponownie później	Falha ao criar bitmap! Por favor, tente novamente mais tarde	Не удалось создать растровое изображение! Пожалуйста, повторите попытку позже	ไม่สามารถสร้างบิตแมป! กรุณาลองใหม่อีกครั้งในภายหลัง	Bitmap oluşturulamadı! Lütfen daha sonra tekrar deneyiniz	Не вдалося створити растрове зображення! Будь-ласка спробуйте пізніше	创建位图失败！请稍后再试	Không tạo được bitmap! Vui lòng thử lại sau
select_your_application	Select your application	حدد التطبيق الخاص بك	Vyberte aplikaci	Wählen Sie Ihre Anwendung aus	Επιλέξτε την εφαρμογή σας	Selecciona tu aplicación	Valige oma rakendus	Valitse sovelluksesi	Sélectionnez votre candidature	अपना आवेदन चुनें	Pilih aplikasi Anda	Seleziona la tua applicazione	アプリケーションを選択してください	ជ្រើសរើសកម្មវិធីរបស់អ្នក។	ನಿಮ್ಮ ಅಪ್ಲಿಕೇಶನ್ ಆಯ್ಕೆಮಾಡಿ	애플리케이션을 선택하세요	ເລືອກຄໍາຮ້ອງສະຫມັກຂອງທ່ານ	Izvēlieties savu lietojumprogrammu	Pilih aplikasi anda	Selecteer uw toepassing	Wybierz swoją aplikację	Selecione seu aplicativo	Выберите свое приложение	เลือกใบสมัครของคุณ	Uygulamanızı seçin	Виберіть свою програму	选择您的应用程序	Chọn ứng dụng của bạn
type_to_search	Type To Search	اكتب للبحث	Zadejte pro vyhledávání	Tippe um zu suchen	Πληκτρολογήστε Για Αναζήτηση	Escribe para buscar	Tippige otsimiseks	Kirjoita Hae	Tapez pour rechercher	खोजने के लिए लिखें	Ketik untuk mencari	Digita per cercare	入力して検索	វាយបញ្ចូលដើម្បីស្វែងរក	ಹುಡುಕಲು ಟೈಪ್ ಮಾಡಿ	검색하려면 입력하세요.	ພິມເພື່ອຊອກຫາ	Ierakstiet, lai meklētu	Taip Untuk Cari	Type om te zoeken	Wpisz aby wyszukać	Escreva para pesquisar	Введите для поиска	พิมพ์เพื่อค้นหา	Aramak İçin Yazın	Введіть для пошуку	输入搜索	Nhập để tìm kiếm
selected_themes	Selected Themes	المواضيع المختارة	Vybraná témata	Ausgewählte Themen	Επιλεγμένα Θέματα	Temas seleccionados	Valitud teemad	Valitut teemat	Thèmes sélectionnés	चयनित थीम	Tema yang Dipilih	Temi selezionati	選択されたテーマ	ស្បែកដែលបានជ្រើសរើស	ಆಯ್ದ ಥೀಮ್‌ಗಳು	선택된 테마	ຮູບແບບສີສັນທີ່ເລືອກ	Atlasītie motīvi	Tema yang Dipilih	Geselecteerde thema's	Wybrane tematy	Temas Selecionados	Выбранные темы	ธีมที่เลือก	Seçilen Temalar	Вибрані теми	精选主题	Chủ đề đã chọn
unlock_wallpaper	Unlock Wallpaper	فتح ورق الجدران	Odemknout tapetu	Schalte das Hintergrundbild frei	Ξεκλείδωμα ταπετσαρίας	Desbloquear fondo de pantalla	Avage taustpilt	Avaa taustakuva	Déverrouiller le fond d'écran	वॉलपेपर अनलॉक करें	Buka Kunci Wallpaper	Sblocca lo sfondo	壁紙のロックを解除する	ដោះសោផ្ទាំងរូបភាព	ವಾಲ್‌ಪೇಪರ್ ಅನ್‌ಲಾಕ್ ಮಾಡಿ	배경화면 잠금 해제	ປົດລັອກວໍເປເປີ	Atbloķēt fona attēlu	Buka kunci Kertas Dinding	Ontgrendel achtergrond	Odblokuj tapetę	Desbloquear papel de parede	Разблокировать обои	ปลดล็อควอลเปเปอร์	Duvar Kağıdının Kilidini Aç	Розблокувати шпалери	解锁壁纸	Mở khóa hình nền
wallpaper	WALLPAPER	ورق الجدران	TAPETA NA ZEĎ	HINTERGRUND	ΤΑΠΕΤΣΑΡΙΑ	FONDO DE PANTALLA	TAPEET	TAPETTA	FOND D'ÉCRAN	वॉलपेपर	WALLPAPER	SFONDO	壁紙	ផ្ទាំង​រូបភាព	ವಾಲ್‌ಪೇಪರ್	벽지	ຮູບວໍເປເປີ	TAPETE	WALLPAPER	BEHANG	TAPETA	PAPEL DE PAREDE	ОБОИ	วอลล์เปเปอร์	DUVAR KAĞIDI	ШПАЛЕРИ	墙纸	HÌNH NỀN
wallpapers	Wallpapers	خلفيات	Tapety	Hintergrundbilder	Ταπετσαρίες	Fondos de pantalla	Taustapildid	Taustakuvat	Fonds d'écran	वॉलपेपर	Wallpaper	Sfondi	壁紙	ផ្ទាំងរូបភាព	ವಾಲ್‌ಪೇಪರ್‌ಗಳು	배경화면	ພາບພື້ນຫຼັງ	Tapetes	Kertas dinding	Achtergronden	Tapety	Papeis de parede	Обои	วอลเปเปอร์	Duvar kağıtları	Шпалери	壁纸	Hình nền
icons	Icons	أيقونات	ikony	Symbole	εικονίδια	Iconos	Ikoonid	Kuvakkeet	Icônes	माउस	Ikon	Icone	アイコン	រូបតំណាង	ಚಿಹ್ನೆಗಳು	아이콘	ໄອຄອນ	Ikonas	ikon	Pictogrammen	Ikony	Ícones	Иконки	ไอคอน	Simgeler	Ікони	图标	Biểu tượng
widgets	Widgets	الحاجيات	Widgety	Widgets	Widgets	widgets	Vidinad	Widgetit	Widgets	विजेट	Widget	Widget	ウィジェット	ធាតុក្រាហ្វិក	ವಿಡ್ಗೆಟ್ಗಳು	위젯	ວິດເຈັດ	Logrīki	Widget	Widgets	Widżety	Widgets	Виджеты	วิดเจ็ต	Widget'lar	Віджети	小部件	Widget
download	Download	تحميل	Stažení	Herunterladen	Κατεβάστε	Descargar	Lae alla	ladata	Télécharger	डाउनलोड करना	Unduh	Scaricamento	ダウンロード	ទាញយក	ಡೌನ್‌ಲೋಡ್ ಮಾಡಿ	다운로드	ດາວໂຫຼດ	Lejupielādēt	Muat turun	Downloaden	Pobierać	Download	Скачать	ดาวน์โหลด	İndirmek	Завантажити	下载	Tải xuống
unlock_with	Unlock with	فتح مع	Odemknout pomocí	Entsperren Sie mit	Ξεκλείδωμα με	Desbloquear con	Avage rakendusega	Avaa lukitus	Débloquez avec	के साथ अनलॉक करें	Buka kunci dengan	Sblocca con	でロックを解除します	ដោះសោជាមួយ	ಇದರೊಂದಿಗೆ ಅನ್ಲಾಕ್ ಮಾಡಿ	다음으로 잠금 해제	ປົດລັອກດ້ວຍ	Atbloķēt ar	Buka kunci dengan	Ontgrendel met	Odblokuj za pomocą	Desbloquear com	Разблокировать с помощью	ปลดล็อคด้วย	ile kilidini aç	Розблокувати за допомогою	解锁用	Mở khóa bằng
get_it_for_free	Get 200 Gems for FREE	احصل على 200 جوهرة مجانا	Získejte 200 drahokamů ZDARMA	Holen Sie sich 200 Edelsteine ​​KOSTENLOS	Αποκτήστε 200 πετράδια ΔΩΡΕΑΝ	Consigue 200 gemas GRATIS	Hankige 200 kalliskivi TASUTA	Hanki 200 jalokivet ILMAISEKSI	Obtenez 200 gemmes GRATUITEMENT	200 रत्न निःशुल्क प्राप्त करें	Dapatkan 200 Permata GRATIS	Ottieni 200 gemme GRATIS	200ジェムを無料でゲット	ទទួលបាន 200 ត្បូងដោយឥតគិតថ្លៃ	200 ರತ್ನಗಳನ್ನು ಉಚಿತವಾಗಿ ಪಡೆಯಿರಿ	보석 200개를 무료로 받으세요	ຮັບ 200 ແກ້ວປະເສີດຟຣີ	Saņemiet 200 dārgakmeņus BEZ MAKSAS	Dapatkan 200 Permata secara PERCUMA	Ontvang GRATIS 200 edelstenen	Zdobądź 200 klejnotów ZA DARMO	Ganhe 200 joias GRATUITAMENTE	Получите 200 драгоценных камней БЕСПЛАТНО	รับ 200 อัญมณีฟรี	ÜCRETSİZ olarak 200 Mücevher alın	Отримайте 200 дорогоцінних каменів БЕЗКОШТОВНО	免费获得 200 颗宝石	Nhận 200 đá quý MIỄN PHÍ
unlock	UNLOCK	الغاء القفل	ODEMKNOUT	FREISCHALTEN	ΞΕΚΛΕΙΔΩΜΑ	DESBLOQUEAR	AVASTA	AVATA	OUVRIR	अनलॉक	MEMBUKA KUNCI	SBLOCCARE	ロックを解除する	ដោះសោ	ಅನ್ಲಾಕ್ ಮಾಡಿ	터놓다	ປົດລັອກ	ATbloķēt	BUKA KUNCI	ONTGRENDELEN	ODBLOKOWAĆ	DESBLOQUEAR	РАЗБЛОКИРОВАТЬ	ปลดล็อค	KİLİDİNİ AÇ	РОЗБЛОКУВАТИ	开锁	MỞ KHÓA
unlock_all	UNLOCK ALL	فتح الكل	ODEMKNOUT VŠE	ALLE ENTSPERREN	ΞΕΚΛΕΙΔΩΜΑ ΟΛΩΝ	DESBLOQUEAR TODOS	AVA KÕIK	AVAA KAIKKI	DÉBLOQUÉ TOUT	सबको अनलॉक करें	BUKA SEMUA	SBLOCCA TUTTO	すべてのロックを解除	ដោះសោទាំងអស់។	ಎಲ್ಲವನ್ನೂ ಅನ್ಲಾಕ್ ಮಾಡಿ	모두 잠금 해제	ປົດລັອກທັງໝົດ	ATKLĀJOT VISU	BUKA KUNCI SEMUA	SPEEL ALLES VRIJ	ODBLOKOWANIE WSZYSTKICH	DESTRANCAR TUDO	РАЗБЛОКИРОВАТЬ ВСЕ	ปลดล็อคทั้งหมด	HEPSİNİN KİLİDİNİ AÇ	РОЗБЛОКУВАТИ ВСІ	全部解锁	MỞ KHÓA TẤT CẢ
unlock_widget	UNLOCK WIDGET	فتح القطعة	ODEMKNOUT WIDGET	WIDGET ENTSPERREN	ΞΕΚΛΕΙΔΩΜΑ WIDGET	DESBLOQUEAR WIDGET	AVASTA VIDINA	AVAA WIDGET	DÉBLOQUER LE WIDGET	विजेट अनलॉक करें	BUKA WIDGET	SBLOCCA IL WIDGET	ウィジェットのロックを解除	ដោះសោធាតុក្រាហ្វិក	ವಿಜೆಟ್ ಅನ್ನು ಅನ್ಲಾಕ್ ಮಾಡಿ	위젯 잠금 해제	ປົດລັອກ widget	ATKLĀJOT LOGRĀKU	BUKA KUNCI WIDGET	ONTGRENDEL WIDGET	ODBLOKUJ WIDŻET	DESBLOQUEAR WIDGET	РАЗБЛОКИРОВАТЬ ВИДЖЕТ	ปลดล็อควิดเจ็ต	WIDGET'IN KİLİDİNİ AÇ	РОЗБЛОКУВАТИ ВІДЖЕТ	解锁小部件	MỞ KHÓA TIỆN ÍCH
please_select_your_widget	Please select your widget	الرجاء تحديد القطعة الخاصة بك	Vyberte prosím svůj widget	Bitte wählen Sie Ihr Widget aus	Επιλέξτε το widget σας	Por favor seleccione su widget	Palun valige oma vidin	Valitse widgettisi	Veuillez sélectionner votre widget	कृपया अपना विजेट चुनें	Silakan pilih widget Anda	Seleziona il tuo widget	ウィジェットを選択してください	សូមជ្រើសរើសធាតុក្រាហ្វិករបស់អ្នក។	ದಯವಿಟ್ಟು ನಿಮ್ಮ ವಿಜೆಟ್ ಆಯ್ಕೆಮಾಡಿ	위젯을 선택해주세요	ກະລຸນາເລືອກ widget ຂອງທ່ານ	Lūdzu, atlasiet savu logrīku	Sila pilih widget anda	Selecteer uw widget	Wybierz swój widget	Selecione seu widget	Пожалуйста, выберите виджет	โปรดเลือกวิดเจ็ตของคุณ	Lütfen widget'ınızı seçin	Виберіть свій віджет	请选择您的小部件	Vui lòng chọn tiện ích của bạn
unlock_successfully	Unlock successfully!	فتح بنجاح!	Odemknout úspěšně!	Erfolgreich freischalten!	Ξεκλείδωμα με επιτυχία!	¡Desbloquea con éxito!	Avamine õnnestus!	Avaa lukitus onnistuneesti!	Débloquez avec succès !	सफलतापूर्वक अनलॉक!	Buka kunci dengan sukses!	Sblocca con successo!	無事にロック解除完了！	ដោះសោដោយជោគជ័យ!	ಯಶಸ್ವಿಯಾಗಿ ಅನ್ಲಾಕ್ ಮಾಡಿ!	성공적으로 잠금 해제되었습니다!	ປົດລັອກສຳເລັດແລ້ວ!	Veiksmīgi atbloķēt!	Buka kunci berjaya!	Ontgrendel succesvol!	Odblokuj pomyślnie!	Desbloqueie com sucesso!	Разблокировка прошла успешно!	ปลดล็อคสำเร็จ!	Başarıyla kilidini aç!	Успішно розблоковано!	解锁成功！	Mở khóa thành công!
not_enough_diamond	Not enough Diamond!	لا يكفي الماس!	Není dost diamantů!	Nicht genug Diamant!	Δεν είναι αρκετό το Diamond!	¡No hay suficiente diamante!	Teemandist ei piisa!	Timantti ei riitä!	Pas assez de diamant !	पर्याप्त हीरा नहीं!	Berlian tidak cukup!	Non abbastanza diamante!	ダイヤモンドが足りない！	មិន​គ្រប់​គ្រាន់​ទេ ពេជ្រ!	ಸಾಕಷ್ಟು ಡೈಮಂಡ್ ಇಲ್ಲ!	다이아몬드가 부족해요!	ບໍ່ພໍເພັດ!	Par maz dimanta!	Tak cukup Intan!	Niet genoeg diamant!	Za mało Diamentu!	Diamante insuficiente!	Недостаточно алмаза!	เพชรไม่พอ!	Yeterli Elmas yok!	Недостатньо діаманта!	钻石不够！	Không đủ kim cương!
item_is_already_unlocked	Item is already Unlocked!	العنصر مفتوح بالفعل!	Položka je již odemčena!	Artikel ist bereits freigeschaltet!	Το στοιχείο είναι ήδη ξεκλείδωτο!	¡El artículo ya está desbloqueado!	Üksus on juba lukust lahti!	Tuote on jo avattu!	L'article est déjà débloqué !	आइटम पहले से ही अनलॉक है!	Item sudah terbuka!	L'oggetto è già sbloccato!	アイテムはすでにロック解除されています!	ធាតុត្រូវបានដោះសោរួចហើយ!	ಐಟಂ ಈಗಾಗಲೇ ಅನ್‌ಲಾಕ್ ಆಗಿದೆ!	항목이 이미 잠금 해제되었습니다!	ລາຍການຖືກປົດລັອກແລ້ວ!	Prece jau ir atbloķēta!	Item sudah Dibuka kunci!	Het item is al ontgrendeld!	Przedmiot jest już odblokowany!	O item já está desbloqueado!	Предмет уже разблокирован!	ไอเท็มนี้ถูกปลดล็อคแล้ว!	Öğenin Kilidi zaten Açık!	Товар уже розблоковано!	物品已经解锁！	Vật phẩm đã được mở khóa!
success	Success!	نجاح!	Úspěch!	Erfolg!	Επιτυχία!	¡Éxito!	Edu!	Menestys!	Succès!	सफलता!	Kesuksesan!	Successo!	成功！	ជោគជ័យ!	ಯಶಸ್ಸು!	성공!	ຄວາມ​ສໍາ​ເລັດ!	Veiksmi!	Berjaya!	Succes!	Powodzenie!	Sucesso!	Успех!	ความสำเร็จ!	Başarı!	Успіх!	成功！	Thành công!
error	Error!	خطأ!	Chyba!	Fehler!	Λάθος!	¡Error!	Viga!	Virhe!	Erreur!	गलती!	Kesalahan!	Errore!	エラー！	កំហុស!	ದೋಷ!	오류!	ຜິດພາດ!	Kļūda!	Ralat!	Fout!	Błąd!	Erro!	Ошибка!	ข้อผิดพลาด!	Hata!	Помилка!	错误！	Lỗi!
please_select_application_first	Please select application first!	الرجاء تحديد التطبيق أولا!	Nejprve prosím vyberte aplikaci!	Bitte zuerst Anwendung auswählen!	Επιλέξτε πρώτα την εφαρμογή!	¡Por favor seleccione la aplicación primero!	Valige esmalt rakendus!	Valitse ensin sovellus!	Veuillez d'abord sélectionner votre candidature !	कृपया पहले आवेदन का चयन करें!	Silakan pilih aplikasi terlebih dahulu!	Seleziona prima l'applicazione!	最初にアプリケーションを選択してください。	សូមជ្រើសរើសកម្មវិធីជាមុនសិន!	ದಯವಿಟ್ಟು ಮೊದಲು ಅಪ್ಲಿಕೇಶನ್ ಆಯ್ಕೆಮಾಡಿ!	먼저 신청을 선택해주세요!	ກະລຸນາເລືອກໃບສະໝັກກ່ອນ!	Vispirms izvēlieties pieteikumu!	Sila pilih permohonan dahulu!	Selecteer eerst de toepassing!	Najpierw wybierz aplikację!	Selecione o aplicativo primeiro!	Пожалуйста, сначала выберите приложение!	กรุณาเลือกใบสมัครก่อน!	Lütfen önce uygulamayı seçin!	Спочатку виберіть програму!	请先选择应用！	Vui lòng chọn ứng dụng trước!
custom_widget	Custom Widget	القطعة المخصصة	Vlastní widget	Benutzerdefiniertes Widget	Προσαρμοσμένο γραφικό στοιχείο	Widget personalizado	Kohandatud vidin	Mukautettu widget	Widget personnalisé	कस्टम विजेट	Widget Khusus	Widget personalizzato	カスタムウィジェット	ធាតុក្រាហ្វិកផ្ទាល់ខ្លួន	ಕಸ್ಟಮ್ ವಿಜೆಟ್	맞춤 위젯	Widget ກຳນົດເອງ	Pielāgots logrīks	Widget Tersuai	Aangepaste widget	Niestandardowy widget	Widget personalizado	Пользовательский виджет	วิดเจ็ตที่กำหนดเอง	Özel Widget	Спеціальний віджет	自定义小部件	Tiện ích tùy chỉnh
edit	EDIT	يحرر	UPRAVIT	BEARBEITEN	ΕΠΕΞΕΡΓΑΣΙΑ	EDITAR	EDIT	MUOKATA	MODIFIER	संपादन करना	Sunting	MODIFICARE	編集	កែសម្រួល	ತಿದ್ದು	편집하다	ແກ້ໄຂ	REDIĢĒT	EDIT	BEWERKING	EDYTOWAĆ	EDITAR	РЕДАКТИРОВАТЬ	แก้ไข	DÜZENLEMEK	РЕДАГУВАТИ	编辑	BIÊN TẬP
create_widget	CREATE WIDGET	إنشاء القطعة	VYTVOŘIT WIDGET	WIDGET ERSTELLEN	ΔΗΜΙΟΥΡΓΙΑ ΓΡΑΦΙΚΟΥ ΛΟΓΙΟΥ	CREAR WIDGET	LOO VIDINA	LUO WIDGETTI	CRÉER UN WIDGET	विजेट बनाएं	BUAT WIDGET	CREA WIDGET	ウィジェットの作成	បង្កើតធាតុក្រាហ្វិក	ವಿಜೆಟ್ ರಚಿಸಿ	위젯 만들기	ສ້າງ widget	IZVEIDOT LOGrīku	BUAT WIDGET	MAAK WIDGET	UTWÓRZ WIDŻET	CRIAR WIDGET	СОЗДАТЬ ВИДЖЕТ	สร้างวิดเจ็ต	WIDGET'I OLUŞTUR	СТВОРИТИ ВІДЖЕТ	创建小部件	TẠO TIỆN ÍCH
font_color	Font Color	لون الخط	Barva fontu	Schriftfarbe	Χρώμα γραμματοσειράς	Color de fuente	Fondi värv	Fontin väri	Couleur de la police	लिपि का रंग	Warna huruf	Colore del carattere	フォントの色	ពណ៌ពុម្ពអក្សរ	ಫಾಂಟ್ ಬಣ್ಣ	글꼴 색상	ສີຕົວອັກສອນ	Fonta krāsa	Warna Fon	Lettertypekleur	Kolor czcionki	Cor da fonte	Цвет шрифта	สีตัวอักษร	Yazı rengi	Колір шрифту	字体颜色	Màu chữ
continue_text	Continue	يكمل	Pokračovat	Weitermachen	Να συνεχίσει	Continuar	Jätka	Jatkaa	Continuer	जारी रखना	Melanjutkan	Continua	続く	បន្ត	ಮುಂದುವರಿಸಿ	계속하다	ສືບຕໍ່	Turpināt	teruskan	Doorgaan	Kontynuować	Continuar	Продолжать	ดำเนินการต่อ	Devam etmek	Продовжити	继续	Tiếp tục
widget_is_loading	Widget is loading…	جارٍ تحميل الأداة…	Widget se načítá…	Widget wird geladen…	Γίνεται φόρτωση του γραφικού στοιχείου…	El widget se está cargando...	Vidinat laaditakse…	Widgetiä ladataan…	Le widget est en cours de chargement…	विजेट लोड हो रहा है...	Widget sedang dimuat…	Il widget è in caricamento...	ウィジェットを読み込んでいます…	ធាតុក្រាហ្វិកកំពុងផ្ទុក...	ವಿಜೆಟ್ ಲೋಡ್ ಆಗುತ್ತಿದೆ...	위젯 로드 중…	ກຳລັງໂຫຼດວິດເຈັດ...	Notiek logrīka ielāde…	Widget sedang dimuatkan…	Widget wordt geladen...	Ładowanie widżetu…	O widget está carregando…	Виджет загружается…	กำลังโหลดวิดเจ็ต...	Widget yükleniyor…	Віджет завантажується…	小部件正在加载...	Tiện ích đang tải…
layout	Layout	تَخطِيط	Rozložení	Layout	Διάταξη	Disposición	Paigutus	Layout	Mise en page	लेआउट	Tata Letak	Disposizione	レイアウト	ប្លង់	ಲೆಔಟ್	공들여 나열한 것	ແຜນຜັງ	Izkārtojums	Susun atur	Indeling	Układ	Disposição	Макет	เค้าโครง	Düzen	Макет	布局	Cách trình bày
done	Done	منتهي	Hotovo	Erledigt	Εγινε	Hecho	Valmis	Tehty	Fait	हो गया	Selesai	Fatto	終わり	រួចរាល់	ಮುಗಿದಿದೆ	완료	ສຳເລັດແລ້ວ	Gatavs	Selesai	Klaar	Zrobione	Feito	Сделанный	เสร็จแล้ว	Tamamlamak	Готово	完毕	Xong
no_internet_connection	No Internet Connection!	لا يوجد اتصال بالإنترنت!	Žádné internetové připojení!	Keine Internetverbindung!	Δεν υπάρχει σύνδεση στο διαδίκτυο!	¡Sin conexión a Internet!	Interneti-ühendus puudub!	Ei Internet-yhteyttä!	Pas de connexion Internet!	कोई इंटरनेट कनेक्शन नहीं!	Tidak ada koneksi internet!	Nessuna connessione internet!	インターネット接続がありません!	គ្មានការតភ្ជាប់អ៊ីនធឺណិត!	ಇಂಟರ್ನೆಟ್ ಸಂಪರ್ಕವಿಲ್ಲ!	인터넷에 연결되지 않음!	ບໍ່ມີການເຊື່ອມຕໍ່ອິນເຕີເນັດ!	Nav interneta savienojuma!	Tiada sambungan internet!	Geen internet verbinding!	Brak połączenia z internetem!	Sem conexão com a Internet!	Нет соединения с интернетом!	ไม่มีการเชื่อมต่ออินเทอร์เน็ต!	İnternet bağlantısı yok!	Немає підключення до Інтернету!	没有网络连接！	Không có kết nối Internet!
massage_connection_dialog	No internet connection.\nPlease check connection and try again.	لا يوجد اتصال بالإنترنت.\nيُرجى التحقق من الاتصال والمحاولة مرة أخرى.	Žádné připojení k internetu.\nZkontrolujte připojení a zkuste to znovu.	Keine Internetverbindung.\nBitte überprüfen Sie die Verbindung und versuchen Sie es erneut.	Δεν υπάρχει σύνδεση στο διαδίκτυο.\nΕλέγξτε τη σύνδεση και δοκιμάστε ξανά.	No hay conexión a Internet.\nComprueba la conexión y vuelve a intentarlo.	Interneti-ühendus puudub.\nKontrollige ühendust ja proovige uuesti.	Ei internetyhteyttä.\nTarkista yhteys ja yritä uudelleen.	Pas de connexion Internet.\nVeuillez vérifier la connexion et réessayer.	कोई इंटरनेट कनेक्शन नहीं।\nकृपया कनेक्शन जांचें और पुनः प्रयास करें।	Tidak ada koneksi internet.\nSilakan periksa koneksi dan coba lagi.	Nessuna connessione Internet.\nControlla la connessione e riprova.	インターネット接続がありません。\n接続を確認して、もう一度試してください。	មិនមានការតភ្ជាប់អ៊ីនធឺណិតទេ។\nសូមពិនិត្យការតភ្ជាប់ ហើយព្យាយាមម្តងទៀត។	ಇಂಟರ್ನೆಟ್ ಸಂಪರ್ಕವಿಲ್ಲ.\nದಯವಿಟ್ಟು ಸಂಪರ್ಕವನ್ನು ಪರಿಶೀಲಿಸಿ ಹಾಗೂ ಮತ್ತೆ ಪ್ರಯತ್ನಿಸಿ.	인터넷에 연결되어 있지 않습니다.\n연결을 확인하고 다시 시도해 주세요.	ບໍ່ມີການເຊື່ອມຕໍ່ອິນເຕີເນັດ.\nກະລຸນາກວດສອບການເຊື່ອມຕໍ່ແລ້ວລອງໃໝ່ອີກຄັ້ງ.	Nav interneta savienojuma.\nLūdzu, pārbaudiet savienojumu un mēģiniet vēlreiz.	Tiada sambungan Internet.\nSila semak sambungan dan cuba lagi.	Geen internetverbinding.\nControleer de verbinding en probeer het opnieuw.	Brak połączenia z internetem.\nSprawdź połączenie i spróbuj ponownie.	Sem conexão com a Internet.\nVerifique a conexão e tente novamente.	Нет подключения к Интернету.\nПроверьте соединение и повторите попытку.	ไม่มีการเชื่อมต่ออินเทอร์เน็ต\nโปรดตรวจสอบการเชื่อมต่อแล้วลองอีกครั้ง	İnternet bağlantısı yok.\nLütfen bağlantıyı kontrol edip tekrar deneyin.	Немає з’єднання з Інтернетом.\nПеревірте з’єднання та повторіть спробу.	没有互联网连接。\n请检查连接并重试。	Không có kết nối Internet.\nVui lòng kiểm tra kết nối và thử lại.
retry	Retry	أعد المحاولة	Zkuste to znovu	Wiederholen	Ξαναδοκιμάσετε	Rever	Uuesti proovima	Yritä uudelleen	Recommencez	पुन: प्रयास करें	Mencoba kembali	Riprova	リトライ	ព្យាយាមម្តងទៀត	ಮರುಪ್ರಯತ್ನಿಸಿ	다시 해 보다	ລອງໃໝ່	Mēģiniet vēlreiz	Cuba semula	Opnieuw proberen	Spróbować ponownie	Tentar novamente	Повторить попытку	ลองอีกครั้ง	Yeniden dene	Повторіть спробу	重试	Thử lại
this_action_can_contain_ads	This action may contain ads	قد يحتوي هذا الإجراء على إعلانات	Tato akce může obsahovat reklamy	Diese Aktion kann Werbung enthalten	Αυτή η ενέργεια μπορεί να περιέχει διαφημίσεις	Esta acción puede contener anuncios.	See toiming võib sisaldada reklaame	Tämä toiminto voi sisältää mainoksia	Cette action peut contenir des annonces	इस क्रिया में विज्ञापन शामिल हो सकते हैं	Tindakan ini mungkin berisi iklan	Questa azione può contenere annunci	このアクションには広告が含まれる可能性があります	សកម្មភាពនេះអាចមានការផ្សាយពាណិជ្ជកម្ម	ಈ ಕ್ರಿಯೆಯು ಜಾಹೀರಾತುಗಳನ್ನು ಒಳಗೊಂಡಿರಬಹುದು	이 작업에는 광고가 포함될 수 있습니다.	ຄຳສັ່ງນີ້ອາດມີໂຄສະນາ	Šī darbība var ietvert reklāmas	Tindakan ini mungkin mengandungi iklan	Deze actie kan advertenties bevatten	Ta akcja może zawierać reklamy	Esta ação pode conter anúncios	Это действие может содержать рекламу	การดำเนินการนี้อาจมีโฆษณา	Bu işlem reklam içerebilir	Ця дія може містити рекламу	此操作可能包含广告	Hành động này có thể chứa quảng cáo
gems	Gems	الأحجار الكريمة	Drahokamy	Edelsteine	Πολύτιμοι λίθοι	Gemas	Kalliskivid	Jalokivet	Pierres précieuses	रत्न	Permata	Gemme	宝石	ត្បូង	ರತ್ನಗಳು	보석	ແກ້ວປະເສີດ	Dārgakmeņi	permata	Edelstenen	Klejnoty	Gemas	Драгоценные камни	อัญมณี	Taşlar	дорогоцінні камені	宝石	đá quý
unlock_widget_with	Unlock Widget with	فتح القطعة مع	Odemkněte widget pomocí	Widget entsperren mit	Ξεκλείδωμα γραφικού στοιχείου με	Desbloquear widget con	Ava vidin koos	Avaa widget kanssa	Débloquez le widget avec	के साथ विजेट अनलॉक करें	Buka kunci Widget dengan	Sblocca il widget con	ウィジェットのロックを解除するには	ដោះសោធាតុក្រាហ្វិកជាមួយ	ಇದರೊಂದಿಗೆ ವಿಜೆಟ್ ಅನ್ನು ಅನ್ಲಾಕ್ ಮಾಡಿ	다음으로 위젯 잠금 해제	ປົດລັອກ Widget ກັບ	Atbloķējiet logrīku ar	Buka kunci Widget dengan	Ontgrendel widget met	Odblokuj widget za pomocą	Desbloquear widget com	Разблокировать виджет с помощью	ปลดล็อควิดเจ็ตด้วย	Widget'ın kilidini şununla açın:	Розблокувати віджет за допомогою	解锁小部件	Mở khóa Widget bằng
unlock_wallpaper_with	Unlock Wallpaper with	فتح ورق الحائط مع	Odemknout tapetu pomocí	Schalte das Hintergrundbild mit frei	Ξεκλείδωμα ταπετσαρίας με	Desbloquear fondo de pantalla con	Avage taustpilt rakendusega	Avaa taustakuva	Débloquez le fond d'écran avec	इसके साथ वॉलपेपर अनलॉक करें	Buka kunci Wallpaper dengan	Sblocca lo sfondo con	壁紙のロックを解除するには	ដោះសោផ្ទាំងរូបភាពជាមួយ	ಇದರೊಂದಿಗೆ ವಾಲ್‌ಪೇಪರ್ ಅನ್ನು ಅನ್‌ಲಾಕ್ ಮಾಡಿ	다음으로 배경화면 잠금 해제	ປົດລັອກ Wallpaper ກັບ	Atbloķējiet fona attēlu ar	Buka kunci Kertas Dinding dengan	Ontgrendel achtergrond met	Odblokuj tapetę za pomocą	Desbloquear papel de parede com	Разблокировать обои с помощью	ปลดล็อควอลเปเปอร์ด้วย	Duvar Kağıdının Kilidini Aç	Розблокувати шпалери за допомогою	解锁壁纸	Mở khóa hình nền với
unlock_all_icon_with	Unlock All Icon with	فتح كل أيقونة مع	Odemknout všechny ikony pomocí	Schalte alle Symbole frei mit	Ξεκλειδώστε όλα το εικονίδιο με	Desbloquear todos los iconos con	Avage kõik ikoon rakendusega	Avaa kaikki kuvakkeet	Débloquez toutes les icônes avec	इसके साथ सभी आइकन को अनलॉक करें	Buka Kunci Semua Ikon dengan	Sblocca tutte le icone con	すべてのアイコンのロックを解除するには	ដោះសោរូបតំណាងទាំងអស់ដោយប្រើ	ಇದರೊಂದಿಗೆ ಎಲ್ಲಾ ಐಕಾನ್ ಅನ್ನು ಅನ್ಲಾಕ್ ಮಾಡಿ	모든 아이콘 잠금 해제	ປົດລັອກໄອຄອນທັງໝົດດ້ວຍ	Atbloķēt visu ikonu ar	Buka kunci Semua Ikon dengan	Ontgrendel alle pictogrammen met	Odblokuj wszystkie ikony za pomocą	Desbloquear todos os ícones com	Разблокировать все значки с помощью	ปลดล็อคไอคอนทั้งหมดด้วย	Tüm Simgelerin Kilidini Aç	Розблокувати всі значки за допомогою	解锁所有图标	Mở khóa tất cả biểu tượng với
unlock_icon_with	Unlock Icon with	فتح أيقونة مع	Odemknout ikonu pomocí	Entsperren Sie das Symbol mit	Ξεκλείδωμα εικονίδιο με	Desbloquear icono con	Avage ikoon rakendusega	Avaa kuvake	Déverrouiller l'icône avec	के साथ आइकन अनलॉक करें	Buka Kunci Ikon dengan	Sblocca l'icona con	アイコンのロックを解除する	ដោះសោរូបតំណាងជាមួយ	ಇದರೊಂದಿಗೆ ಅನ್‌ಲಾಕ್ ಐಕಾನ್	아이콘 잠금 해제	ປົດລັອກໄອຄອນດ້ວຍ	Atbloķēt ikonu ar	Buka kunci Ikon dengan	Ontgrendel icoon met	Odblokuj ikonę za pomocą	Desbloquear ícone com	Разблокировать значок с помощью	ปลดล็อคไอคอนด้วย	Simgenin kilidini aç	Значок розблокування за допомогою	解锁图标与	Biểu tượng mở khóa bằng
text_intro_1	With Cute Themes, you can easily change your phone\'s theme, app icons, widgets and wallpapers	باستخدام السمات اللطيفة، يمكنك بسهولة تغيير سمة هاتفك وأيقونات التطبيقات والأدوات والخلفيات	Pomocí roztomilých motivů můžete snadno změnit motiv telefonu, ikony aplikací, widgety a tapety	Mit „Cute Themes“ können Sie das Design, die App-Symbole, Widgets und Hintergrundbilder Ihres Telefons ganz einfach ändern	Με τα Cute Themes, μπορείτε εύκολα να αλλάξετε το θέμα του τηλεφώνου σας, τα εικονίδια εφαρμογών, τα γραφικά στοιχεία και τις ταπετσαρίες	Con Cute Themes, puedes cambiar fácilmente el tema, los íconos de aplicaciones, los widgets y los fondos de pantalla de tu teléfono.	Armsate teemade abil saate hõlpsasti muuta oma telefoni teemat, rakenduste ikoone, vidinaid ja taustapilte	Söpöjen teemojen avulla voit helposti vaihtaa puhelimesi teemaa, sovelluskuvakkeita, widgetejä ja taustakuvia	Avec Thèmes mignons, vous pouvez facilement modifier le thème, les icônes d'application, les widgets et les fonds d'écran de votre téléphone	क्यूट थीम के साथ, आप आसानी से अपने फोन की थीम, ऐप आइकन, विजेट और वॉलपेपर बदल सकते हैं	Dengan Tema Lucu, Anda dapat dengan mudah mengubah tema, ikon aplikasi, widget, dan wallpaper ponsel Anda	Con Temi carini puoi cambiare facilmente il tema del tuo telefono, le icone delle app, i widget e gli sfondi	かわいいテーマを使用すると、携帯電話のテーマ、アプリアイコン、ウィジェット、壁紙を簡単に変更できます	ជាមួយនឹងរូបរាង Cute អ្នកអាចផ្លាស់ប្តូររូបរាង រូបតំណាងកម្មវិធី ធាតុក្រាហ្វិក និងផ្ទាំងរូបភាពរបស់ទូរសព្ទអ្នកបានយ៉ាងងាយស្រួល	ಮುದ್ದಾದ ಥೀಮ್‌ಗಳೊಂದಿಗೆ, ನಿಮ್ಮ ಫೋನ್‌ನ ಥೀಮ್, ಅಪ್ಲಿಕೇಶನ್ ಐಕಾನ್‌ಗಳು, ವಿಜೆಟ್‌ಗಳು ಮತ್ತು ವಾಲ್‌ಪೇಪರ್‌ಗಳನ್ನು ನೀವು ಸುಲಭವಾಗಿ ಬದಲಾಯಿಸಬಹುದು	귀여운 테마를 사용하면 휴대전화의 테마, 앱 아이콘, 위젯, 배경화면을 쉽게 변경할 수 있습니다.	ດ້ວຍຮູບແບບສີສັນໜ້າຮັກ, ທ່ານສາມາດປ່ຽນຮູບແບບສີສັນຂອງໂທລະສັບ, ໄອຄອນແອັບ, ວິດເຈັດ ແລະຮູບວໍເປເປີໄດ້ຢ່າງງ່າຍດາຍ.	Izmantojot jaukus motīvus, varat viegli mainīt tālruņa motīvu, lietotņu ikonas, logrīkus un fona attēlus	Dengan Tema Comel, anda boleh menukar tema, ikon apl, widget dan kertas dinding telefon anda dengan mudah	Met Leuke Thema's kunt u eenvoudig het thema, app-pictogrammen, widgets en achtergronden van uw telefoon wijzigen	Dzięki Ślicznym motywom możesz łatwo zmienić motyw, ikony aplikacji, widżety i tapety swojego telefonu	Com Cute Themes, você pode alterar facilmente o tema, ícones de aplicativos, widgets e papéis de parede do seu telefone	С помощью Cute Themes вы можете легко изменить тему своего телефона, значки приложений, виджеты и обои.	ด้วยธีมน่ารัก คุณสามารถเปลี่ยนธีม ไอคอนแอป วิดเจ็ต และวอลเปเปอร์ของโทรศัพท์ได้อย่างง่ายดาย	Sevimli Temalar ile telefonunuzun temasını, uygulama simgelerini, widget'larını ve duvar kağıtlarını kolayca değiştirebilirsiniz.	За допомогою Cute Themes ви можете легко змінити тему свого телефону, значки програм, віджети та шпалери	使用可爱主题，您可以轻松更改手机的主题、应用程序图标、小部件和壁纸	Với Chủ đề dễ thương, bạn có thể dễ dàng thay đổi chủ đề, biểu tượng ứng dụng, tiện ích và hình nền của điện thoại
title_intro_1	Welcome to Cute Themes!	مرحبا بكم في المواضيع لطيف!	Vítejte v Cute Themes!	Willkommen bei Cute Themes!	Καλώς ήρθατε στο Cute Themes!	¡Bienvenido a Temas Lindos!	Tere tulemast armsate teemade juurde!	Tervetuloa söpöihin teemoihin!	Bienvenue sur les thèmes mignons !	क्यूट थीम्स में आपका स्वागत है!	Selamat Datang di Tema Lucu!	Benvenuto in Temi carini!	かわいいテーマへようこそ!	សូមស្វាគមន៍មកកាន់ Cute Themes!	ಮುದ್ದಾದ ಥೀಮ್‌ಗಳಿಗೆ ಸುಸ್ವಾಗತ!	귀여운 테마에 오신 것을 환영합니다!	ຍິນດີຕ້ອນຮັບສູ່ຫົວຂໍ້ໜ້າຮັກ!	Laipni lūdzam jaukās tēmās!	Selamat datang ke Tema Comel!	Welkom bij Leuke Thema's!	Witamy w uroczych motywach!	Bem-vindo ao Temas Fofos!	Добро пожаловать в Симпатичные темы!	ยินดีต้อนรับสู่ธีมน่ารัก!	Sevimli Temalara Hoş Geldiniz!	Ласкаво просимо до Cute Themes!	欢迎来到可爱的主题！	Chào mừng đến với Chủ đề dễ thương!
title_intro_2	Make Your App Icons Stand Out	اجعل أيقونات تطبيقاتك بارزة	Nechte své ikony aplikací vyniknout	Heben Sie Ihre App-Symbole hervor	Κάντε τα εικονίδια της εφαρμογής σας να ξεχωρίζουν	Haga que los íconos de su aplicación se destaquen	Muutke oma rakenduste ikoonid silmapaistvaks	Tee sovelluskuvakkeistasi erottuvia	Faites ressortir les icônes de vos applications	अपने ऐप आइकन को अलग बनाएं	Jadikan Ikon Aplikasi Anda Menonjol	Fai risaltare le icone delle tue app	アプリのアイコンを目立たせる	ធ្វើឱ្យរូបតំណាងកម្មវិធីរបស់អ្នកលេចធ្លោ	ನಿಮ್ಮ ಅಪ್ಲಿಕೇಶನ್ ಐಕಾನ್‌ಗಳನ್ನು ಎದ್ದು ಕಾಣುವಂತೆ ಮಾಡಿ	앱 아이콘을 눈에 띄게 만드세요	ເຮັດໃຫ້ໄອຄອນແອັບຂອງທ່ານໂດດເດັ່ນ	Izceliet savas lietotņu ikonas	Jadikan Ikon Apl Anda Terserlah	Zorg ervoor dat uw app-pictogrammen opvallen	Spraw, aby ikony Twojej aplikacji wyróżniały się	Faça com que os ícones do seu aplicativo se destaquem	Сделайте значки ваших приложений выделяющимися	ทำให้ไอคอนแอปของคุณโดดเด่น	Uygulama Simgelerinizi Öne Çıkarın	Зробіть свої піктограми додатків виділяючими	让您的应用程序图标脱颖而出	Làm cho biểu tượng ứng dụng của bạn nổi bật
text_intro_2	Cute Themes offers thousands of beautiful and unique app icons to choose from	تقدم Cute Themes الآلاف من أيقونات التطبيقات الجميلة والفريدة من نوعها للاختيار من بينها	Cute Themes nabízí tisíce krásných a jedinečných ikon aplikací, ze kterých si můžete vybrat	Cute Themes bietet Tausende wunderschöner und einzigartiger App-Symbole zur Auswahl	Το Cute Themes προσφέρει χιλιάδες όμορφα και μοναδικά εικονίδια εφαρμογών για να διαλέξετε	Cute Themes ofrece miles de íconos de aplicaciones hermosos y únicos para elegir	Armsad teemad pakuvad tuhandete kaunite ja ainulaadsete rakenduste ikoone, mille vahel valida	Söpöt teemat tarjoavat tuhansia kauniita ja ainutlaatuisia sovelluskuvakkeita, joista valita	Cute Themes propose des milliers d'icônes d'application magnifiques et uniques parmi lesquelles choisir	क्यूट थीम्स चुनने के लिए हजारों सुंदर और अद्वितीय ऐप आइकन प्रदान करता है	Tema Lucu menawarkan ribuan ikon aplikasi cantik dan unik untuk dipilih	Temi carini offre migliaia di icone di app bellissime e uniche tra cui scegliere	Cute Themes は、何千もの美しくユニークなアプリアイコンから選択できます	Cute Themes ផ្តល់ជូននូវរូបតំណាងកម្មវិធីដ៏ស្រស់ស្អាត និងប្លែកៗរាប់ពាន់ដើម្បីជ្រើសរើស	ಮುದ್ದಾದ ಥೀಮ್‌ಗಳು ಆಯ್ಕೆ ಮಾಡಲು ಸಾವಿರಾರು ಸುಂದರವಾದ ಮತ್ತು ಅನನ್ಯ ಅಪ್ಲಿಕೇಶನ್ ಐಕಾನ್‌ಗಳನ್ನು ನೀಡುತ್ತದೆ	귀여운 테마는 선택할 수 있는 수천 개의 아름답고 독특한 앱 아이콘을 제공합니다.	ຮູບແບບສີສັນໜ້າຮັກມີໄອຄອນແອັບທີ່ສວຍງາມ ແລະ ເປັນເອກະລັກຫຼາຍພັນຮູບໃຫ້ເລືອກ	Jauki motīvi piedāvā tūkstošiem skaistu un unikālu lietotņu ikonu, no kurām izvēlēties	Tema Comel menawarkan beribu-ribu ikon aplikasi yang cantik dan unik untuk dipilih	Cute Themes biedt duizenden prachtige en unieke app-pictogrammen om uit te kiezen	Śliczne motywy oferują tysiące pięknych i unikalnych ikon aplikacji do wyboru	Cute Themes oferece milhares de ícones de aplicativos lindos e exclusivos para você escolher	Cute Themes предлагает тысячи красивых и уникальных значков приложений на выбор.	ธีมน่ารักมีไอคอนแอปที่สวยงามและเป็นเอกลักษณ์นับพันให้เลือก	Sevimli Temalar, aralarından seçim yapabileceğiniz binlerce güzel ve benzersiz uygulama simgesi sunuyor	Cute Themes пропонує тисячі красивих і унікальних піктограм програм на вибір	可爱的主题提供数以千计的美丽和独特的应用程序图标可供选择	Chủ đề dễ thương cung cấp hàng nghìn biểu tượng ứng dụng đẹp và độc đáo để bạn lựa chọn
title_intro_3	Widgets That Fit Your Needs	الحاجيات التي تناسب احتياجاتك	Widgety, které vyhovují vašim potřebám	Widgets, die Ihren Anforderungen entsprechen	Widgets που ταιριάζουν στις ανάγκες σας	Widgets que se adaptan a sus necesidades	Teie vajadustele vastavad vidinad	Widgetit, jotka sopivat tarpeisiisi	Des widgets adaptés à vos besoins	विजेट जो आपकी आवश्यकताओं के अनुरूप हों	Widget yang Sesuai Kebutuhan Anda	Widget adatti alle tue esigenze	ニーズに合ったウィジェット	ធាតុក្រាហ្វិកដែលសមនឹងតម្រូវការរបស់អ្នក។	ನಿಮ್ಮ ಅಗತ್ಯಗಳಿಗೆ ಸರಿಹೊಂದುವ ವಿಜೆಟ್‌ಗಳು	귀하의 요구에 맞는 위젯	Widgets ທີ່​ເຫມາະ​ສົມ​ກັບ​ຄວາມ​ຕ້ອງ​ການ​ຂອງ​ທ່ານ​	Logrīki, kas atbilst jūsu vajadzībām	Widget Yang Sesuai dengan Keperluan Anda	Widgets die aan uw behoeften voldoen	Widżety dopasowane do Twoich potrzeb	Widgets que atendem às suas necessidades	Виджеты, которые соответствуют вашим потребностям	วิดเจ็ตที่เหมาะกับความต้องการของคุณ	İhtiyaçlarınıza Uygun Widget'lar	Віджети, які відповідають вашим потребам	满足您需求的小部件	Widget phù hợp với nhu cầu của bạn
text_intro_3	Cute Themes offers a variety of widgets to choose from, from clocks, weather, and news to your favorite apps.	توفر Cute Themes مجموعة متنوعة من الأدوات للاختيار من بينها، بدءًا من الساعات والطقس والأخبار وحتى تطبيقاتك المفضلة.	Cute Themes nabízí řadu widgetů, ze kterých si můžete vybrat, od hodin, počasí a zpráv až po vaše oblíbené aplikace.	Cute Themes bietet eine Vielzahl von Widgets zur Auswahl, von Uhren, Wetter und Nachrichten bis hin zu Ihren Lieblings-Apps.	Το Cute Themes προσφέρει μια ποικιλία γραφικών στοιχείων για να διαλέξετε, από ρολόγια, καιρός και ειδήσεις έως τις αγαπημένες σας εφαρμογές.	Cute Themes ofrece una variedad de widgets para elegir, desde relojes, clima y noticias hasta tus aplicaciones favoritas.	Armsad teemad pakuvad erinevaid vidinaid kelladest, ilmateadetest ja uudistest kuni lemmikrakendusteni.	Cute Themes tarjoaa erilaisia ​​widgetejä, joista valita kelloista, säästä ja uutisista suosikkisovelluksiisi.	Cute Themes propose une variété de widgets parmi lesquels choisir, allant des horloges, de la météo et des actualités à vos applications préférées.	क्यूट थीम्स घड़ियों, मौसम और समाचार से लेकर आपके पसंदीदा ऐप्स तक चुनने के लिए विभिन्न प्रकार के विजेट प्रदान करता है।	Tema Lucu menawarkan beragam widget untuk dipilih, mulai dari jam, cuaca, dan berita hingga aplikasi favorit Anda.	Temi carini offre una varietà di widget tra cui scegliere, da orologi, meteo e notizie alle tue app preferite.	Cute Themes では、時計、天気、ニュースからお気に入りのアプリまで、さまざまなウィジェットから選択できます。	Cute Themes ផ្តល់ជូននូវធាតុក្រាហ្វិកជាច្រើនប្រភេទដើម្បីជ្រើសរើស ចាប់ពីម៉ោង អាកាសធាតុ និងព័ត៌មានទៅកាន់កម្មវិធីដែលអ្នកចូលចិត្ត។	ಮುದ್ದಾದ ಥೀಮ್‌ಗಳು ಗಡಿಯಾರಗಳು, ಹವಾಮಾನ ಮತ್ತು ಸುದ್ದಿಗಳಿಂದ ನಿಮ್ಮ ಮೆಚ್ಚಿನ ಅಪ್ಲಿಕೇಶನ್‌ಗಳಿಗೆ ಆಯ್ಕೆ ಮಾಡಲು ವಿವಿಧ ವಿಜೆಟ್‌ಗಳನ್ನು ನೀಡುತ್ತದೆ.	Cute Themes는 시계, 날씨, 뉴스부터 좋아하는 앱까지 선택할 수 있는 다양한 위젯을 제공합니다.	ຮູບແບບສີສັນໜ້າຮັກມີ widget ຫຼາກຫຼາຍໃຫ້ເລືອກ, ຈາກໂມງ, ສະພາບອາກາດ, ແລະຂ່າວໄປຫາແອັບທີ່ທ່ານມັກ.	Jauki motīvi piedāvā dažādus logrīkus, no kuriem izvēlēties, sākot no pulksteņiem, laikapstākļiem un ziņām līdz jūsu iecienītākajām lietotnēm.	Tema Comel menawarkan pelbagai widget untuk dipilih, daripada jam, cuaca dan berita kepada apl kegemaran anda.	Cute Themes biedt een verscheidenheid aan widgets om uit te kiezen, van klokken, weer en nieuws tot je favoriete apps.	Śliczne motywy oferują różnorodne widżety do wyboru, od zegarów, pogody i wiadomości po ulubione aplikacje.	Cute Themes oferece uma variedade de widgets para você escolher, desde relógios, previsão do tempo e notícias até seus aplicativos favoritos.	Cute Themes предлагает на выбор множество виджетов: от часов, погоды и новостей до ваших любимых приложений.	ธีมน่ารักมีวิดเจ็ตหลากหลายให้เลือก ตั้งแต่นาฬิกา สภาพอากาศ ข่าวสาร ไปจนถึงแอปโปรดของคุณ	Sevimli Temalar saatler, hava durumu ve haberlerden favori uygulamalarınıza kadar seçebileceğiniz çeşitli widget'lar sunar.	Cute Themes пропонує різноманітні віджети на вибір, від годинника, погоди та новин до ваших улюблених програм.	可爱的主题提供了多种小部件可供选择，从时钟、天气、新闻到您最喜欢的应用程序。	Chủ đề dễ thương cung cấp nhiều tiện ích để bạn lựa chọn, từ đồng hồ, thời tiết và tin tức cho đến các ứng dụng yêu thích của bạn.
title_intro_4	4K Wallpapers: Elevate Your Device!	خلفيات 4K: ارفع مستوى جهازك!	4K tapety: pozvedněte své zařízení!	4K-Hintergründe: Werten Sie Ihr Gerät auf!	Wallpapers 4K: Ανεβάστε τη συσκευή σας!	Fondos de pantalla 4K: ¡Mejora tu dispositivo!	4K taustapildid: tõstke oma seade kõrgemale!	4K-taustakuvat: nosta laitettasi!	Fonds d'écran 4K : améliorez votre appareil !	4K वॉलपेपर: अपने डिवाइस को उन्नत करें!	Wallpaper 4K: Tinggikan Perangkat Anda!	Sfondi 4K: eleva il tuo dispositivo!	4K 壁紙: デバイスを進化させましょう!	ផ្ទាំងរូបភាព 4K៖ លើកឧបករណ៍របស់អ្នក!	4K ವಾಲ್‌ಪೇಪರ್‌ಗಳು: ನಿಮ್ಮ ಸಾಧನವನ್ನು ಎತ್ತರಿಸಿ!	4K 배경화면: 기기를 향상하세요!	ພາບພື້ນຫຼັງ 4K: ຍົກລະດັບອຸປະກອນຂອງທ່ານ!	4K fona attēli: paaugstiniet savu ierīci!	Kertas Dinding 4K: Tingkatkan Peranti Anda!	4K-achtergronden: verhoog uw apparaat!	Tapety 4K: podnieś poziom swojego urządzenia!	Papéis de parede 4K: eleve seu dispositivo!	Обои 4K: усовершенствуйте свое устройство!	วอลเปเปอร์ 4K: ยกระดับอุปกรณ์ของคุณ!	4K Duvar Kağıtları: Cihazınızı Yükseltin!	Шпалери 4K: вдосконалюйте свій пристрій!	4K 壁纸：提升您的设备！	Hình nền 4K: Nâng tầm thiết bị của bạn!
text_intro_4	Discover a world of breathtaking wallpapers in ultra-high definition, you\'ll find the perfect image for you.	اكتشف عالمًا من الخلفيات المذهلة ذات الدقة العالية جدًا، وستجد الصورة المثالية لك.	Objevte svět dechberoucích tapet v ultra vysokém rozlišení, najdete dokonalý obrázek pro vás.	Entdecken Sie eine Welt atemberaubender Hintergrundbilder in Ultra-High-Definition, Sie werden das perfekte Bild für sich finden.	Ανακαλύψτε έναν κόσμο με ταπετσαρίες που κόβουν την ανάσα σε εξαιρετικά υψηλή ευκρίνεια, θα βρείτε την τέλεια εικόνα για εσάς.	Descubre un mundo de impresionantes fondos de pantalla en ultra alta definición, encontrarás la imagen perfecta para ti.	Avastage ülikõrglahutusega hingematvate taustapiltide maailm ja leiate endale sobivaima pildi.	Tutustu henkeäsalpaavien ultra-teräväpiirtotaustakuvien maailmaan, löydät täydellisen kuvan sinulle.	Découvrez un monde de fonds d'écran à couper le souffle en ultra haute définition, vous trouverez l'image parfaite pour vous.	अल्ट्रा-हाई डेफिनिशन में लुभावने वॉलपेपर की दुनिया की खोज करें, आपको अपने लिए एकदम सही छवि मिलेगी।	Temukan dunia wallpaper menakjubkan dalam definisi ultra-tinggi, Anda akan menemukan gambar yang sempurna untuk Anda.	Scopri un mondo di sfondi mozzafiato in altissima definizione, troverai l'immagine perfetta per te.	超高解像度の息を呑むような壁紙の世界を発見すれば、あなたにぴったりの画像が見つかります。	ស្វែងយល់ពីពិភពនៃផ្ទាំងរូបភាពដ៏អស្ចារ្យនៅក្នុងនិយមន័យខ្ពស់ អ្នកនឹងរកឃើញរូបភាពដ៏ល្អឥតខ្ចោះសម្រាប់អ្នក។	ಅಲ್ಟ್ರಾ-ಹೈ ಡೆಫಿನಿಷನ್‌ನಲ್ಲಿ ಉಸಿರುಕಟ್ಟುವ ವಾಲ್‌ಪೇಪರ್‌ಗಳ ಜಗತ್ತನ್ನು ಅನ್ವೇಷಿಸಿ, ನಿಮಗಾಗಿ ಪರಿಪೂರ್ಣ ಚಿತ್ರವನ್ನು ನೀವು ಕಂಡುಕೊಳ್ಳುತ್ತೀರಿ.	초고해상도의 숨막히는 배경화면의 세계를 발견하고 자신에게 딱 맞는 이미지를 찾을 수 있습니다.	ຄົ້ນພົບໂລກຂອງພາບພື້ນຫຼັງທີ່ໜ້າຕື່ນຕາຕື່ນໃຈໃນຄວາມລະອຽດສູງ, ທ່ານຈະພົບເຫັນຮູບພາບທີ່ສົມບູນແບບສໍາລັບທ່ານ.	Atklājiet elpu aizraujošu tapešu pasauli īpaši augstā izšķirtspējā, un jūs atradīsit sev piemērotāko attēlu.	Temui dunia kertas dinding yang menakjubkan dalam definisi ultra tinggi, anda akan menemui imej yang sesuai untuk anda.	Ontdek een wereld van adembenemende achtergronden in ultrahoge definitie, u zult de perfecte afbeelding voor u vinden.	Odkryj świat zapierających dech w piersiach tapet w ultrawysokiej rozdzielczości, a znajdziesz idealny obraz dla siebie.	Descubra um mundo de papéis de parede de tirar o fôlego em ultra-alta definição e você encontrará a imagem perfeita para você.	Откройте для себя мир захватывающих обоев в сверхвысоком разрешении и вы найдете идеальное изображение для себя.	ค้นพบโลกแห่งวอลเปเปอร์ที่น่าทึ่งด้วยความคมชัดสูงเป็นพิเศษ คุณจะพบกับภาพที่สมบูรณ์แบบสำหรับคุณ	Ultra yüksek çözünürlüklü, nefes kesen duvar kağıtlarından oluşan bir dünyayı keşfedin, sizin için mükemmel görüntüyü bulacaksınız.	Відкрийте для себе світ захоплюючих шпалер у надвисокій роздільній здатності, ви знайдете ідеальне зображення для себе.	探索令人惊叹的超高清壁纸世界，您会找到最适合您的图像。	Khám phá thế giới hình nền ngoạn mục với độ phân giải cực cao, bạn sẽ tìm thấy hình ảnh hoàn hảo cho mình.
language	Language	لغة	Jazyk	Sprache	Γλώσσα	Idioma	Keel	Kieli	Langue	भाषा	Bahasa	Lingua	言語	ភាសា	ಭಾಷೆ	언어	ພາສາ	Valoda	Bahasa	Taal	Język	Linguagem	Язык	ภาษา	Dil	Мова	语言	Ngôn ngữ
arabic	Arabic	عربي	arabština	Arabisch	αραβικός	Arábica	araabia keel	arabialainen	arabe	अरबी	Arab	Arabo	アラビア語	ភាសាអារ៉ាប់	ಅರೇಬಿಕ್	아라비아 말	ອາຣັບ	arābu	bahasa arab	Arabisch	arabski	árabe	арабский	ภาษาอาหรับ	Arapça	арабська	阿拉伯	Tiếng Ả Rập
ukrainian	Ukrainian	الأوكرانية	ukrajinština	ukrainisch	Ουκρανός	ucranio	ukrainlane	ukrainalainen	ukrainien	यूक्रेनी	Orang Ukraina	ucraino	ウクライナ語	អ៊ុយក្រែន	ಉಕ್ರೇನಿಯನ್	우크라이나 인	ອູແກຣນ	ukraiņu	Ukraine	Oekraïens	ukraiński	ucraniano	украинец	ภาษายูเครน	Ukrayna	українська	乌克兰	Tiếng Ukraina
turkish	Turkish	اللغة التركية	turečtina	Türkisch	τούρκικος	turco	türgi keel	turkkilainen	turc	तुर्की	Turki	Turco	トルコ語	ទួរគី	ಟರ್ಕಿಶ್	터키어	ຕວກກີ	Turku	bahasa Turki	Turks	turecki	turco	турецкий	ภาษาตุรกี	Türkçe	турецька	土耳其	Tiếng Thổ Nhĩ Kỳ
thai	Thai	التايلاندية	thajština	Thailändisch	Ταϊλανδός	tailandés	Tai	thaimaalainen	thaïlandais	थाई	Thai	tailandese	タイ語	ថៃ	ಥಾಯ್	태국어	ໄທ	taju	Thai	Thais	tajski	tailandês	тайский	แบบไทย	Tay dili	тайська	泰国	Tiếng Thái
spanish	Spanish	الأسبانية	španělština	Spanisch	Ισπανικά	Español	hispaania keel	Espanja	Espagnol	स्पैनिश	Orang Spanyol	spagnolo	スペイン語	ភាសាអេស្ប៉ាញ	ಸ್ಪ್ಯಾನಿಷ್	스페인의	ແອສປາໂຍນ	spāņu valoda	bahasa Sepanyol	Spaans	hiszpański	Espanhol	испанский	สเปน	İspanyol	Іспанська	西班牙语	Tiếng Tây Ban Nha
russian	Russian	الروسية	ruština	Russisch	Ρωσική	ruso	vene keel	Venäjän kieli	russe	रूसी	Rusia	russo	ロシア	រុស្សី	ರಷ್ಯನ್	러시아인	ພາສາລັດເຊຍ	krievu valoda	bahasa Rusia	Russisch	Rosyjski	russo	Русский	ภาษารัสเซีย	Rusça	російський	俄语	Tiếng Nga
portuguese	Portuguese	البرتغالية	portugalština	Portugiesisch	Πορτογαλικά	portugués	portugali keel	Portugalin kieli	Portugais	पुर्तगाली	Portugis	portoghese	ポルトガル語	ព័រទុយហ្គាល់	ಪೋರ್ಚುಗೀಸ್	포르투갈 인	ພາສາປອກຕຸຍການ	portugāļu	Portugis	Portugees	portugalski	Português	португальский	โปรตุเกส	Portekizce	португальська	葡萄牙语	Tiếng Bồ Đào Nha
polish	Polish	تلميع	polština	Polieren	Στίλβωση	Polaco	poola keel	Kiillottaa	polonais	पोलिश	Polandia	Polacco	研磨	ប៉ូឡូញ	ಹೊಳಪು ಕೊಡು	광택	ໂປໂລຍ	poļu	Poland	Pools	Polski	polonês	Польский	ขัด	Lehçe	польський	抛光	Tiếng Ba Lan
latvian	Latvian	لاتفيا	lotyšský	lettisch	λετονική	letón	lätlane	Latvialainen	letton	लात्वीयावासी	Latvia	lettone	ラトビア語	ឡាតវី	ಲಟ್ವಿಯನ್	라트비아 사람	ລັດເວຍ	latviski	bahasa Latvia	Lets	łotewski	letão	Латышский	ลัตเวีย	Letonca	латиська	拉脱维亚语	Tiếng Latvia
lao	Lao	لاو	Lao	Laotisch	Λάος	laosiano	Lao	Lao	Laotien	लाओ	Laos	Laotiano	ラオ語	ឡាវ	ಲಾವೊ	라오스	ພາສາລາວ	Laosa	Lao	Laos	Laotański	Laos	Лаосский	ลาว	Lao	лаоський	老挝	Tiếng Lào
malay	Malay	لغة الملايو	malajština	malaiisch	Μαλαισίας	malayo	malai	malaiji	malais	मलायी	Melayu	malese	マレー語	ម៉ាឡេ	ಮಲಯ	말레이 사람	ມາເລ	malajiešu	Melayu	Maleis	malajski	malaio	малайский	มาเลย์	Malayca	малайська	马来语	Tiếng Mã Lai
korean	Korean	الكورية	korejština	Koreanisch	κορεάτης	coreano	korea keel	Korealainen	coréen	कोरियाई	Korea	coreano	韓国語	កូរ៉េ	ಕೊರಿಯನ್	한국인	ເກົາຫຼີ	korejiešu	Korea	Koreaans	koreański	coreano	Корейский	เกาหลี	Koreli	корейська	韩国人	Tiếng Hàn Quốc
khmer	Khmer	الخمير	khmerské	Khmer	Χμερ	jemer	khmeerid	khmerit	Khmer	खमेर	Khmer	Khmer	クメール語	ខ្មែរ	ಖಮೇರ್	크메르어	ຂະເໝນ	khmeru	Khmer	Khmer	Khmer	Khmer	кхмерский	เขมร	Kmer	кхмерська	高棉语	Tiếng Khmer
kannada	Kannada	الكانادا	Kannada	Kannada	Κανάντα	canarés	kannada	kannada	Kannada	कन्नडा	Kannada	Kannada	カンナダ語	កាណាដា	ಕನ್ನಡ	칸나다어	ແຄນນາດາ	kannada	Kannada	Kanada	Kannada	Kannada	Каннада	กันนาดา	Kannadaca	каннада	卡纳达语	Tiếng Kannada
japanese	Japanese	اليابانية	japonský	japanisch	Ιαπωνικά	japonés	Jaapani	japanilainen	Japonais	जापानी	Jepang	giapponese	日本語	ជប៉ុន	ಜಪಾನೀಸ್	일본어	ພາສາຍີ່ປຸ່ນ	japāņi	Jepun	Japans	język japoński	japonês	Японский	ญี่ปุ่น	Japonca	Японський	日本人	Tiếng Nhật
italian	Italian	ايطالي	italština	Italienisch	ιταλικός	italiano	itaalia keel	italialainen	italien	इतालवी	Italia	Italiano	イタリアの	អ៊ីតាលី	ಇಟಾಲಿಯನ್	이탈리아 사람	ອິຕາລຽນ	itāļu valoda	Itali	Italiaans	Włoski	italiano	итальянский	ภาษาอิตาลี	İtalyan	італійська	意大利语	Tiếng Ý
indonesian	Indonesian	الاندونيسية	indonéština	Indonesisch	Ινδονησιακά	indonesio	Indoneesia	Indonesialainen	indonésien	इन्डोनेशियाई	bahasa Indonesia	indonesiano	インドネシア語	ឥណ្ឌូនេស៊ី	ಇಂಡೋನೇಷಿಯನ್	인도네시아 인	ອິນໂດເນເຊຍ	Indonēziešu	Indonesia	Indonesisch	indonezyjski	indonésio	индонезийский	ชาวอินโดนีเซีย	Endonezya dili	індонезійська	印度尼西亚	Tiếng Indonesia
hindi	Hindi	الهندية	hindština	Hindi	Χίντι	hindi	hindi	hindi	hindi	हिंदी	Hindi	hindi	ヒンディー語	ហិណ្ឌូ	ಹಿಂದಿ	힌디 어	ຮິນດູ	hindi	Hindi	Hindi	hinduski	hindi	хинди	ฮินดี	Hintçe	Хінді	印地语	Tiếng Hindi
greek	Greek	اليونانية	řecký	griechisch	Ελληνικά	Griego	kreeka keel	kreikkalainen	grec	यूनानी	Orang yunani	greco	ギリシャ語	ក្រិក	ಗ್ರೀಕ್	그리스 어	ກຣີກ	grieķu valoda	bahasa Yunani	Grieks	grecki	grego	греческий	กรีก	Yunan	грецька	希腊语	Tiếng Hy Lạp
german	German	ألمانية	Němec	Deutsch	Γερμανός	Alemán	saksa keel	Saksan kieli	Allemand	जर्मन	Jerman	Tedesco	ドイツ人	អាឡឺម៉ង់	ಜರ್ಮನ್	독일 사람	ເຢຍລະມັນ	vācu	Jerman	Duits	Niemiecki	Alemão	Немецкий	เยอรมัน	Almanca	Німецький	德语	Tiếng Đức
french	French	فرنسي	francouzština	Französisch	γαλλική γλώσσα	Francés	prantsuse keel	Ranskan kieli	Français	फ़्रेंच	Perancis	francese	フランス語	បារាំង	ಫ್ರೆಂಚ್	프랑스 국민	ພາສາຝຣັ່ງ	franču valoda	Perancis	Frans	Francuski	Francês	Французский	ภาษาฝรั่งเศส	Fransızca	французька	法语	Tiếng Pháp
finnish	Finnish	الفنلندية	finština	finnisch	φινλανδικός	finlandés	soome keel	Suomalainen	finlandais	फिनिश	Finlandia	finlandese	フィンランド語	ហ្វាំងឡង់	ಫಿನ್ನಿಶ್	핀란드어	ຟິນແລນ	somu	bahasa Finland	Fins	fiński	finlandês	финский	ภาษาฟินแลนด์	Fince	фінська	芬兰	Tiếng Phần Lan
estonian	Estonian	الإستونية	estonština	estnisch	Εσθονικά	estonio	eesti keel	Virolainen	estonien	एस्तोनियावासी	Estonia	Estone	エストニア語	អេស្តូនី	ಎಸ್ಟೋನಿಯನ್	에스토니아 사람	ເອສໂຕເນຍ	igauņu	bahasa Estonia	Ests	estoński	estoniano	эстонский	เอสโตเนีย	Estonyalı	Естонська	爱沙尼亚语	Tiếng Estonia
dutch	Dutch	هولندي	holandský	Niederländisch	Ολλανδός	Holandés	hollandi keel	Hollannin kieli	Néerlandais	डच	Belanda	Olandese	オランダの	ហូឡង់	ಡಚ್	네덜란드 사람	ໂຮນລັງ	holandiešu valoda	Belanda	Nederlands	Holenderski	Holandês	Голландский	ภาษาดัตช์	Flemenkçe	голландська	荷兰语	Tiếng Hà Lan
czech	Czech	التشيكية	čeština	Tschechisch	Τσέχος	checo	tšehhi	Tšekki	tchèque	चेक	Ceko	ceco	チェコ語	ឆេក	ಜೆಕ್	체코 사람	ເຊັກ	čehu	bahasa Czech	Tsjechisch	Czech	Tcheco	Чешский	เช็ก	Çek	чеська	捷克语	Tiếng Séc
chinese	Chinese	صينى	čínština	Chinesisch	κινέζικα	Chino	hiina keel	Kiinalainen	Chinois	चीनी	Cina	Cinese	中国語	ចិន	ಚೈನೀಸ್	중국인	ຈີນ	ķīniešu	cina	Chinese	chiński	chinês	Китайский	ชาวจีน	Çince	китайський	中国人	Tiếng Trung Quốc
english	English	إنجليزي	Angličtina	Englisch	Αγγλικά	Inglés	Inglise	Englanti	Anglais	अंग्रेज़ी	Bahasa inggris	Inglese	英語	ភាសាអង់គ្លេស	ಆಂಗ್ಲ	영어	ພາສາອັງກິດ	Angļu	Inggeris	Engels	język angielski	Inglês	Английский	ภาษาอังกฤษ	İngilizce	англійська	英语	Tiếng Anh
vietnamese	Vietnamese	الفيتنامية	vietnamština	Vietnamesisch	Βιετναμέζικο	vietnamita	vietnamlane	vietnam	vietnamien	वियतनामी	Orang Vietnam	vietnamita	ベトナム語	វៀតណាម	ವಿಯೆಟ್ನಾಮೀಸ್	베트남어	ຫວຽດນາມ	vjetnamietis	bahasa Vietnam	Vietnamees	wietnamski	vietnamita	вьетнамский	ภาษาเวียดนาม	Vietnam	в'єтнамська	越南语	Tiếng Việt
set_home_screen	Set Home Screen	تعيين الشاشة الرئيسية	Nastavení domovské obrazovky	Startbildschirm festlegen	Ρύθμιση αρχικής οθόνης	Establecer pantalla de inicio	Avakuva seadistamine	Aseta aloitusnäyttö	Définir l'écran d'accueil	होम स्क्रीन सेट करें	Setel Layar Beranda	Imposta la schermata iniziale	ホーム画面の設定	កំណត់អេក្រង់ដើម	ಹೋಮ್ ಸ್ಕ್ರೀನ್ ಹೊಂದಿಸಿ	홈 화면 설정	ຕັ້ງໜ້າຈໍຫຼັກ	Iestatīt sākuma ekrānu	Tetapkan Skrin Utama	Startscherm instellen	Ustaw ekran główny	Definir tela inicial	Установить главный экран	ตั้งค่าหน้าจอหลัก	Ana Ekranı Ayarla	Налаштувати головний екран	设置主屏幕	Thiết lập màn hình chính
set_lockscreen	Set Lockscreen	تعيين قفل الشاشة	Nastavit uzamčení obrazovky	Sperrbildschirm einstellen	Ρύθμιση οθόνης κλειδώματος	Establecer pantalla de bloqueo	Määrake lukustuskuva	Aseta lukitusnäyttö	Définir l'écran de verrouillage	लॉकस्क्रीन सेट करें	Setel Layar Kunci	Imposta schermata di blocco	ロック画面を設定する	កំណត់អេក្រង់ចាក់សោ	ಲಾಕ್‌ಸ್ಕ್ರೀನ್ ಹೊಂದಿಸಿ	잠금화면 설정	ຕັ້ງ Lockscreen	Iestatiet bloķēšanas ekrānu	Tetapkan Skrin Kunci	Vergrendelscherm instellen	Ustaw ekran blokady	Definir tela de bloqueio	Установить экран блокировки	ตั้งค่าหน้าจอล็อค	Kilit Ekranını Ayarla	Встановити екран блокування	设置锁屏	Đặt màn hình khóa
set_both	Set Both	ضع كلاهما	Nastavte obojí	Stellen Sie „Beide“ ein	Ρυθμίστε και τα δύο	Establecer ambos	Määra mõlemad	Aseta molemmat	Définir les deux	दोनों सेट करें	Atur Keduanya	Imposta entrambi	両方を設定する	កំណត់ទាំងពីរ	ಎರಡನ್ನೂ ಹೊಂದಿಸಿ	둘 다 설정	ກໍານົດທັງສອງ	Iestatiet abus	Tetapkan Kedua-duanya	Stel beide in	Ustaw oba	Definir ambos	Установить оба	ตั้งทั้งสองอย่าง	Her İkisini de Ayarla	Встановити обидва	设置两者	Đặt cả hai
loading_wallpaper	Loading wallpaper…	جارٍ تحميل الخلفية…	Načítání tapety…	Hintergrundbild wird geladen…	Φόρτωση ταπετσαρίας…	Cargando fondo de pantalla…	Taustapildi laadimine…	Ladataan taustakuvaa…	Chargement du fond d'écran…	वॉलपेपर लोड हो रहा है...	Memuat wallpaper…	Caricamento dello sfondo…	壁紙を読み込んでいます…	កំពុងផ្ទុកផ្ទាំងរូបភាព...	ವಾಲ್‌ಪೇಪರ್ ಲೋಡ್ ಆಗುತ್ತಿದೆ...	배경화면 로드 중…	ກຳລັງໂຫຼດຮູບພື້ນຫຼັງ...	Notiek fona tapetes ielāde…	Memuatkan kertas dinding…	Achtergrond laden...	Ładowanie tapety…	Carregando papel de parede…	Загрузка обоев…	กำลังโหลดวอลเปเปอร์...	Duvar kağıdı yükleniyor…	Завантаження шпалер…	正在加载壁纸...	Đang tải hình nền…
loading	Loading…	تحميل…	Načítání…	Wird geladen…	Φόρτωση…	Cargando…	Laadimine…	Ladataan…	Chargement…	लोड हो रहा है…	Memuat…	Caricamento…	読み込み中…	កំពុង​ផ្ទុក...	ಲೋಡ್ ಆಗುತ್ತಿದೆ...	로드 중…	ກຳລັງໂຫລດ...	Notiek ielāde…	Memuatkan…	Bezig met laden…	Ładowanie…	Carregando…	Загрузка…	กำลังโหลด...	Yükleniyor…	Завантаження…	加载中…	Đang tải…
loading_ads	Loading ads, please wait…	جارٍ تحميل الإعلانات، برجاء الانتظار...	Načítání reklam, čekejte prosím…	Anzeigen werden geladen, bitte warten…	Φόρτωση διαφημίσεων, περιμένετε…	Cargando anuncios, por favor espere…	Reklaamide laadimine, palun oodake…	Ladataan mainoksia, odota…	Chargement des annonces, veuillez patienter…	विज्ञापन लोड हो रहे हैं, कृपया प्रतीक्षा करें...	Memuat iklan, harap tunggu…	Caricamento annunci, attendere...	広告を読み込んでいます。お待ちください…	កំពុងផ្ទុកការផ្សាយពាណិជ្ជកម្ម សូមរង់ចាំ...	ಜಾಹೀರಾತುಗಳನ್ನು ಲೋಡ್ ಮಾಡಲಾಗುತ್ತಿದೆ, ದಯವಿಟ್ಟು ನಿರೀಕ್ಷಿಸಿ...	광고를 로드하는 중입니다. 잠시 기다려 주세요…	ກຳລັງໂຫລດໂຄສະນາ, ກະລຸນາລໍຖ້າ...	Notiek reklāmu ielāde, lūdzu, uzgaidiet…	Memuatkan iklan, sila tunggu…	Advertenties worden geladen, een ogenblik geduld...	Ładowanie reklam, proszę czekać…	Carregando anúncios, aguarde…	Загружается реклама, подождите…	กำลังโหลดโฆษณา กรุณารอสักครู่...	Reklamlar yükleniyor, lütfen bekleyin…	Завантаження оголошень, зачекайте…	正在加载广告，请稍候...	Đang tải quảng cáo, vui lòng đợi...
it_s_recommend_to_keep_this_notification_widget_can_be_updated	it\'s recommend to keep this notification ______ widget can be updated	يوصى بالاحتفاظ بهذا الإشعار وإمكانية تحديث الأداة	toto upozornění doporučujeme ponechat a widget lze aktualizovat	Es wird empfohlen, diese Benachrichtigung beizubehalten und das Widget kann aktualisiert werden	Συνιστάται να διατηρήσετε αυτήν την ειδοποίηση και το widget μπορεί να ενημερωθεί	Se recomienda mantener esta notificación y el widget se puede actualizar.	see märguanne on soovitatav alles jätta ja vidinat saab värskendada	on suositeltavaa säilyttää tämä ilmoitus ja widget voidaan päivittää	il est recommandé de conserver cette notification et le widget peut être mis à jour	इस अधिसूचना को रखने की अनुशंसा की जाती है और विजेट को अपडेट किया जा सकता है	disarankan agar notifikasi ______ widget ini tetap diperbarui	si consiglia di mantenere questa notifica e il widget può essere aggiornato	この通知は保存しておくことをお勧めします。ウィジェットは更新できます	វាត្រូវបានណែនាំឱ្យរក្សាការជូនដំណឹងនេះ ហើយធាតុក្រាហ្វិកអាចត្រូវបានធ្វើបច្ចុប្បន្នភាព	ಈ ಅಧಿಸೂಚನೆಯನ್ನು ಇರಿಸಿಕೊಳ್ಳಲು ಇದು ಶಿಫಾರಸು ಮಾಡುತ್ತದೆ ಮತ್ತು ವಿಜೆಟ್ ಅನ್ನು ನವೀಕರಿಸಬಹುದು	이 알림을 유지하는 것이 좋습니다. 위젯은 업데이트될 수 있습니다.	ມັນແນະນຳໃຫ້ເກັບຮັກສາການແຈ້ງເຕືອນນີ້ໄວ້ ແລະສາມາດອັບເດດ widget ໄດ້	ieteicams paturēt šo paziņojumu, un logrīku var atjaunināt	disyorkan untuk menyimpan pemberitahuan ini ______ widget boleh dikemas kini	het is aan te raden deze melding te behouden en de widget kan worden bijgewerkt	zaleca się zachowanie tego powiadomienia i możliwość aktualizacji widżetu	é recomendável manter esta notificação e o widget pode ser atualizado	рекомендуется сохранить это уведомление, виджет можно обновлять.	ขอแนะนำให้เก็บการแจ้งเตือนนี้ไว้ ______ วิดเจ็ตสามารถอัปเดตได้	Bu bildirimi saklamanız önerilir ve widget güncellenebilir	Рекомендуємо зберегти це сповіщення, і віджет можна оновлювати	建议保留此通知并且小部件可以更新	bạn nên giữ thông báo này và tiện ích có thể được cập nhật
shop_gems	Shop Gems	تسوق الأحجار الكريمة	Nakupujte drahokamy	Edelsteine ​​kaufen	Αγοράστε πολύτιμοι λίθοι	Comprar gemas	Ostke kalliskive	Osta helmiä	Achetez des pierres précieuses	रत्नों की दुकान करें	Belanja Permata	Acquista gemme	宝石を購入する	ទិញត្បូង	ರತ್ನಗಳನ್ನು ಖರೀದಿಸಿ	보석 쇼핑하기	ຊື້ເຄື່ອງແກ້ວປະເສີດ	Pērciet dārgakmeņus	Kedai Permata	Winkel edelstenen	Kupuj klejnoty	Comprar joias	Магазин драгоценных камней	ร้านอัญมณี	Mücevher Alışverişi	Купуйте дорогоцінні камені	购买宝石	Mua đá quý
daily_gift	Daily Gift	هدية يومية	Denní dárek	Tägliches Geschenk	Καθημερινό Δώρο	Regalo diario	Igapäevane kingitus	Päivittäinen lahja	Cadeau quotidien	दैनिक उपहार	Hadiah Harian	Regalo quotidiano	デイリーギフト	អំណោយប្រចាំថ្ងៃ	ದೈನಂದಿನ ಉಡುಗೊರೆ	일일 선물	ຂອງຂວັນປະຈໍາວັນ	Ikdienas dāvana	Hadiah Harian	Dagelijks geschenk	Codzienny prezent	Presente Diário	Ежедневный подарок	ของขวัญประจำวัน	Günlük Hediye	Щоденний подарунок	每日礼物	Quà tặng hàng ngày
rate_us	Rate Us	قيمنا	Ohodnoťte nás	Bewerten Sie uns	Βαθμολογήστε μας	Nos califica	Hinda meid	Anna meille arvosana	Évaluez nous	हमें रेटिंग दें	Nilai Kami	Valutaci	私たちを評価してください	វាយតម្លៃពួកយើង	ನಮ್ಮನ್ನು ರೇಟ್ ಮಾಡಿ	우리를 평가해 주세요	ໃຫ້ຄະແນນພວກເຮົາ	Novērtē mūs	Nilaikan Kami	Beoordeel ons	Oceń nas	Nos avalie	Оцените нас	ให้คะแนนเรา	Bizi değerlendirin	Оцініть нас	评价我们	Đánh giá chúng tôi
watch_a_video	Watch a Video	شاهد فيديو	Koukni se na video	Ein Video angucken	Δες ένα βίντεο	Ver un vídeo	Vaadake videot	Katso video	Regarder une vidéo	वीडियो देखो	Tonton Video	Guarda un video	ビデオを見る	មើលវីដេអូ	ವೀಡಿಯೊವನ್ನು ವೀಕ್ಷಿಸಿ	비디오 보기	ເບິ່ງວິດີໂອ	Skatieties video	Tonton Video	Een video kijken	Obejrzyj wideo	Assista um video	Смотреть видео	ชมวิดีโอ	Bir video izle	Переглянути відео	观看视频	Xem video
share_with_friends	Share with Friends	شارك مع الاصدقاء	Sdílet s přáteli	Mit Freunden teilen	Μοιράσου με φίλους	Compartir con amigos	Jaga sõpradega	Jaa ystävien kanssa	Partager avec des amis	दोस्तों के साथ बांटें	Bagikan dengan Teman	Condividere con gli amici	友人たちと分ける	ចែករំលែកជាមួយមិត្តភក្តិ	ಸ್ನೇಹಿತರೊಂದಿಗೆ ಹಂಚಿಕೊಳ್ಳಿ	친구와 공유	ແບ່ງປັນກັບຫມູ່ເພື່ອນ	Dalīties ar draugiem	Kongsi dengan kawan-kawan	Delen met vrienden	Podziel się z przyjaciółmi	Compartilhe com amigos	Поделиться с друзьями	แบ่งปันกับเพื่อน	Arkadaşlarınla ​​paylaş	Поділися з друзями	和朋友分享	Chia sẻ với bạn bè
purchases_success	Purchases success!	نجاح المشتريات!	Úspěch nákupů!	Kauferfolg!	Επιτυχία αγορών!	¡Éxito en compras!	Edukad ostud!	Onnistuneita hankintoja!	Succès des achats !	खरीदारी सफल!	Pembelian sukses!	Successo negli acquisti!	購入成功！	ការទិញជោគជ័យ!	ಖರೀದಿಗಳು ಯಶಸ್ಸು!	구매 성공!	ສຳເລັດການຊື້!	Veiksmīgi pirkumi!	Kejayaan pembelian!	Aankopen succes!	Zakupy zakończone sukcesem!	Sucesso nas compras!	Покупки удачные!	ซื้อสำเร็จ!	Başarıyı satın alır!	Успішних покупок!	购买成功！	Mua hàng thành công!
about_us	About Us	معلومات عنا	O nás	Über uns	Σχετικά με εμάς	Sobre nosotros	Meist	Meistä	À propos de nous	हमारे बारे में	Tentang kami	Chi siamo	私たちについて	អំពី​ពួក​យើង	ನಮ್ಮ ಬಗ್ಗೆ	회사 소개	ກ່ຽວ​ກັບ​ພວກ​ເຮົາ	Par mums	Tentang kita	Over ons	O nas	Sobre nós	О нас	เกี่ยวกับเรา	Hakkımızda	Про нас	关于我们	Về chúng tôi
feedback	Feedback	تعليق	Zpětná vazba	Rückmeldung	Ανατροφοδότηση	Comentario	Tagasiside	Palaute	Retour	प्रतिक्रिया	Masukan	Feedback	フィードバック	មតិកែលម្អ	ಪ್ರತಿಕ್ರಿಯೆ	피드백	ຄໍາຕິຊົມ	Atsauksmes	Maklum balas	Feedback	Informacja zwrotna	Opinião	Обратная связь	ข้อเสนอแนะ	Geri bildirim	Зворотній зв'язок	反馈	Nhận xét
privacy_policy	Privacy Policy	سياسة الخصوصية	Zásady ochrany osobních údajů	Datenschutzrichtlinie	Πολιτική Απορρήτου	política de privacidad	Privaatsuspoliitika	Tietosuojakäytäntö	politique de confidentialité	गोपनीयता नीति	Kebijakan pribadi	politica sulla riservatezza	プライバシーポリシー	គោលការណ៍​ភាព​ឯកជន	ಗೌಪ್ಯತಾ ನೀತಿ	개인 정보 정책	ນະໂຍບາຍຄວາມເປັນສ່ວນຕົວ	Privātuma politika	Dasar Privasi	Privacybeleid	Polityka prywatności	política de Privacidade	политика конфиденциальности	นโยบายความเป็นส่วนตัว	Gizlilik Politikası	Політика конфіденційності	隐私政策	Chính sách bảo mật
terms_and_conditions	Terms and Conditions	الأحكام والشروط	Pravidla a podmínky	Geschäftsbedingungen	Οροι και Προϋποθέσεις	Términos y condiciones	Tingimused	Käyttöehdot	Termes et conditions	नियम और शर्तें	syarat dan Ketentuan	Termini e Condizioni	利用規約	លក្ខខណ្ឌ	ನಿಯಮಗಳು ಮತ್ತು ಷರತ್ತುಗಳು	이용약관	ຂໍ້ກໍານົດແລະເງື່ອນໄຂ	Noteikumi un nosacījumi	Terma dan syarat	Voorwaarden	Regulamin	Termos e Condições	Условия и положения	ข้อกำหนดและเงื่อนไข	Şartlar ve koşullar	Правила та умови	条款和条件	Các điều khoản và điều kiện
are_you_enjoying_our_app	Are you enjoying our app?	هل تستمتع بتطبيقنا؟	Baví vás naše aplikace?	Gefällt Ihnen unsere App?	Απολαμβάνετε την εφαρμογή μας;	¿Estás disfrutando de nuestra aplicación?	Kas teile meeldib meie rakendus?	Pidätkö sovelluksestamme?	Est-ce que vous appréciez notre application ?	क्या आप हमारे ऐप का आनंद ले रहे हैं?	Apakah Anda menikmati aplikasi kami?	Ti piace la nostra app?	私たちのアプリを楽しんでいますか？	តើអ្នករីករាយនឹងកម្មវិធីរបស់យើងទេ?	ನೀವು ನಮ್ಮ ಅಪ್ಲಿಕೇಶನ್ ಅನ್ನು ಆನಂದಿಸುತ್ತಿದ್ದೀರಾ?	우리 앱을 즐기고 계시나요?	ເຈົ້າມັກແອັບຂອງພວກເຮົາບໍ?	Vai jums patīk mūsu lietotne?	Adakah anda menikmati aplikasi kami?	Geniet je van onze app?	Czy podoba Ci się nasza aplikacja?	Você está gostando do nosso aplicativo?	Вам нравится наше приложение?	คุณเพลิดเพลินกับแอพของเราหรือไม่?	Uygulamamızdan memnun musunuz?	Вам подобається наш додаток?	您喜欢我们的应用程序吗？	Bạn có thích ứng dụng của chúng tôi không?
please_give_us_5_stars_if_you_like_amp_let_us_know_your_feedback	Please give us 5-stars if you like ______ let us know your feedback	يرجى إعطائنا 5 نجوم إذا أردت وأخبرنا بتعليقاتك	Pokud se vám líbí, dejte nám 5 hvězdiček a dejte nám vědět svůj názor	Bitte geben Sie uns 5 Sterne, wenn es Ihnen gefällt, und teilen Sie uns Ihr Feedback mit	Δώστε μας 5 αστέρια αν σας αρέσει και πείτε μας τα σχόλιά σας	Por favor danos 5 estrellas si te gusta y déjanos saber tus comentarios	Kui teile meeldib, andke meile 5 tärni ja andke meile oma tagasisidest teada	Anna meille 5 tähteä, jos pidät, ja kerro meille palautetta	Veuillez nous donner 5 étoiles si vous le souhaitez et faites-nous part de vos commentaires	यदि आपको पसंद आए तो कृपया हमें 5-स्टार दें और हमें अपनी प्रतिक्रिया बताएं	Tolong beri kami bintang 5 jika Anda suka ______ beri tahu kami tanggapan Anda	Per favore, dacci 5 stelle se vuoi e facci sapere il tuo feedback	よろしければ5つ星を付けていただき、フィードバックをお聞かせください	សូមផ្តល់ឱ្យយើងនូវផ្កាយ 5 ប្រសិនបើអ្នកចូលចិត្ត ______ អនុញ្ញាតឱ្យពួកយើងដឹងពីមតិកែលម្អរបស់អ្នក។	ನೀವು ಬಯಸಿದರೆ ದಯವಿಟ್ಟು ನಮಗೆ 5-ಸ್ಟಾರ್‌ಗಳನ್ನು ನೀಡಿ ಮತ್ತು ನಿಮ್ಮ ಪ್ರತಿಕ್ರಿಯೆಯನ್ನು ನಮಗೆ ತಿಳಿಸಿ	마음에 드신다면 별 5개를 주시고 피드백을 알려주세요.	ກະລຸນາໃຫ້ພວກເຮົາ 5 ດາວຖ້າທ່ານຕ້ອງການ ______ ໃຫ້ພວກເຮົາຮູ້ຄໍາຕິຊົມຂອງທ່ານ	Lūdzu, piešķiriet mums 5 zvaigznes, ja vēlaties, un dariet mums zināmas savas atsauksmes	Sila beri kami 5 bintang jika anda suka ______ beritahu kami maklum balas anda	Geef ons alstublieft 5 sterren en laat ons uw feedback weten	Jeśli chcesz, daj nam 5 gwiazdek i daj nam znać, co myślisz	Por favor, dê-nos 5 estrelas se quiser e deixe-nos saber seu feedback	Пожалуйста, дайте нам 5 звезд, если вам нравится, и дайте нам знать ваш отзыв	โปรดให้ 5 ดาวแก่เราหากคุณต้องการและแจ้งให้เราทราบความคิดเห็นของคุณ	İsterseniz lütfen bize 5 yıldız verin ve geri bildiriminizi bize bildirin	Будь ласка, дайте нам 5 зірок, якщо вам подобається, і повідомте нам свій відгук	如果您喜欢，请给我们 5 星并让我们知道您的反馈	Vui lòng cho chúng tôi 5 sao nếu bạn thích và cho chúng tôi biết phản hồi của bạn
btn_rate	Rate	معدل	Hodnotit	Rate	Τιμή	Tasa	Hinda	Rate	Taux	दर	Kecepatan	Valutare	レート	អត្រា	ದರ	비율	ອັດຕາ	Likme	Kadar	Tarief	Wskaźnik	Avaliar	Ставка	ประเมิน	Oran	Оцінка	速度	Tỷ lệ
btn_cancel	Cancel	يلغي	zrušení	Stornieren	Ματαίωση	Cancelar	Tühista	Peruuttaa	Annuler	रद्द करना	Membatalkan	Annulla	キャンセル	បោះបង់	ರದ್ದುಮಾಡಿ	취소	ຍົກເລີກ	Atcelt	Batal	Annuleren	Anulować	Cancelar	Отмена	ยกเลิก	İptal etmek	Скасувати	取消	Hủy bỏ
btn_feedback	Feedback	تعليق	Zpětná vazba	Rückmeldung	Ανατροφοδότηση	Comentario	Tagasiside	Palaute	Retour	प्रतिक्रिया	Masukan	Feedback	フィードバック	មតិកែលម្អ	ಪ್ರತಿಕ್ರಿಯೆ	피드백	ຄໍາຕິຊົມ	Atsauksmes	Maklum balas	Feedback	Informacja zwrotna	Opinião	Обратная связь	ข้อเสนอแนะ	Geri bildirim	Зворотній зв'язок	反馈	Nhận xét
tap_here_to_exit	Tap here to exit	اضغط هنا للخروج	Klepnutím sem odejdete	Tippen Sie hier, um den Vorgang zu beenden	Πατήστε εδώ για έξοδο	Toque aquí para salir	Väljumiseks puudutage siin	Poistu napauttamalla tätä	Appuyez ici pour quitter	बाहर निकलने के लिए यहां टैप करें	Ketuk di sini untuk keluar	Tocca qui per uscire	ここをタップして終了します	ចុចទីនេះដើម្បីចេញ	ನಿರ್ಗಮಿಸಲು ಇಲ್ಲಿ ಟ್ಯಾಪ್ ಮಾಡಿ	종료하려면 여기를 탭하세요.	ແຕະບ່ອນນີ້ເພື່ອອອກ	Pieskarieties šeit, lai izietu	Ketik di sini untuk keluar	Tik hier om af te sluiten	Kliknij tutaj, aby wyjść	Toque aqui para sair	Нажмите здесь, чтобы выйти	แตะที่นี่เพื่อออก	Çıkmak için buraya dokunun	Натисніть тут, щоб вийти	点击此处退出	Nhấn vào đây để thoát
free_gems	Free Gems	جواهر مجانية	Drahokamy zdarma	Kostenlose Edelsteine	Δωρεάν πολύτιμοι λίθοι	Gemas gratis	Tasuta kalliskivid	Ilmaisia ​​helmiä	Gemmes gratuites	निःशुल्क रत्न	Permata Gratis	Gemme gratuite	無料のジェム	ត្បូងឥតគិតថ្លៃ	ಉಚಿತ ರತ್ನಗಳು	무료 보석	ແກ້ວປະເສີດຟຣີ	Bezmaksas dārgakmeņi	Permata Percuma	Gratis edelstenen	Darmowe klejnoty	Gemas grátis	Бесплатные драгоценные камни	อัญมณีฟรี	Ücretsiz Taşlar	Безкоштовні дорогоцінні камені	免费宝石	Đá quý miễn phí
daily_gift_limited	You received it today! Comeback on tomorrow and get more.	لقد تلقيتها اليوم! العودة غدا والحصول على المزيد.	Dnes jste to dostali! Vraťte se zítra a získejte více.	Du hast es heute erhalten! Kommen Sie morgen zurück und holen Sie sich mehr.	Το έλαβες σήμερα! Επιστρέψτε αύριο και αποκτήστε περισσότερα.	¡Lo recibiste hoy! Vuelve mañana y consigue más.	Saite selle täna kätte! Tulge homme tagasi ja hankige rohkem.	Sait sen tänään! Tule huomenna ja hanki lisää.	Vous l'avez reçu aujourd'hui ! Revenez demain et obtenez-en plus.	आपको यह आज प्राप्त हुआ! कल वापस आएँ और और अधिक प्राप्त करें।	Anda menerimanya hari ini! Kembalilah besok dan dapatkan lebih banyak.	L'hai ricevuto oggi! Torna domani e ottieni di più.	本日受け取りました！明日はカムバックして、さらに多くのものを手に入れましょう。	អ្នកបានទទួលវាថ្ងៃនេះ! ត្រលប់មកវិញនៅថ្ងៃស្អែក ហើយទទួលបានច្រើនទៀត។	ನೀವು ಇಂದು ಅದನ್ನು ಸ್ವೀಕರಿಸಿದ್ದೀರಿ! ನಾಳೆಗೆ ಹಿಂತಿರುಗಿ ಮತ್ತು ಹೆಚ್ಚಿನದನ್ನು ಪಡೆಯಿರಿ.	오늘 받으셨군요! 내일 다시 돌아와서 더 많은 것을 얻으세요.	ທ່ານໄດ້ຮັບມັນໃນມື້ນີ້! ກັບມາມື້ອື່ນ ແລະຮັບເພີ່ມເຕີມ.	Jūs to saņēmāt šodien! Atgriezieties rīt un iegūstiet vairāk.	Anda menerimanya hari ini! Kembali esok dan dapatkan lebih banyak lagi.	Je hebt hem vandaag ontvangen! Kom morgen terug en krijg meer.	Otrzymałeś to dzisiaj! Wróć jutro i zdobądź więcej.	Você recebeu hoje! Volte amanhã e consiga mais.	Вы получили его сегодня! Приходите завтра и получите больше.	คุณได้รับมันแล้ววันนี้! กลับมาในวันพรุ่งนี้และรับมากขึ้น	Bugün aldın! Yarın geri dönün ve daha fazlasını alın.	Ви отримали його сьогодні! Поверніться завтра та отримайте більше.	您今天收到了！明天回来并获得更多。	Bạn đã nhận được nó ngày hôm nay! Hãy trở lại vào ngày mai và nhận được nhiều hơn.