Group Keys	Text Keys	Base(en)	Vietnamese (vi)	Arabic (ar)	Czech (cs)	German (de)	Greek (el)	Spanish (es)	Estonian (et)	Finnish (fi)	French (fr)	Hindi (hi)	Indonesian (id)	Italian (it)	Japanese (ja)	Khmer (km)	Kannada (kn)	Korean (ko)	Lao (lo)	Latvian (lv)	Malay (ms)	Dutch (nl)	Polish (pl)	Portuguese (pt-PT)	Russian (ru)	Thai (th)	Turkish (tr)	Ukrainian (uk)	Chinese (zh-Hans)
general	appName	Weighing Produce	Cân Nông Sản	وزن المنتجات	Vážení produkce	Wiegen von Produkten	Ζύγιση Προϊόν	Pesaje de productos	Toote kaalumine	Punnitustuote	Peser les produits	उपज का वजन	Menimbang Hasil	Pesatura dei prodotti	農産物の計量	ថ្លឹងផលិតផល	ತೂಕದ ಉತ್ಪನ್ನ	농산물 계량	ການຊັ່ງນໍ້າໜັກສິນຄ້າ	Produktu svēršana	Menimbang Hasil	Producten wegen	Ważenie produktu	Pesando Produtos	Взвешивание продуктов	การชั่งน้ำหนักผลผลิต	Tartım Ürünleri	Зважування продукції	称重产品
tabbar	calculator	Calculator	Máy tính	آلة حاسبة	Kalkulačka	Kalkulator	Αριθμομηχανή	Calculadora	Kalkulaator	Laskin	Calculatrice	कैलकुलेटर	Kalkulator	Calcolatrice	電卓	ម៉ាស៊ីនគិតលេខ	ಕ್ಯಾಲ್ಕುಲೇಟರ್	계산자	ເຄື່ອງຄິດເລກ	Kalkulators	Kalkulator	Rekenmachine	Kalkulator	Calculadora	Калькулятор	เครื่องคิดเลข	Hesap Makinesi	Калькулятор	计算器
tabbar	weighing	Weighing	Cân	وزن	Vážení	Wiegen	Ζύγισμα	Peso	Kaalumine	Punnitus	Pesée	वजन	Menimbang	Pesatura	計量	ថ្លឹង	ತೂಗುತ್ತಿದೆ	계량	ນ້ຳໜັກ	Svēršana	Menimbang	Weging	Ważenie	Pesagem	Взвешивание	การชั่งน้ำหนัก	Tartım	зважування	称重
tabbar	settings	Settings	Cài đặt	إعدادات	Nastavení	Einstellungen	Ρυθμίσεις	Ajustes	Seaded	Asetukset	Paramètres	सेटिंग्स	Pengaturan	Impostazioni	設定	ការកំណត់	ಸೆಟ್ಟಿಂಗ್‌ಗಳು	설정	ການຕັ້ງຄ່າ	Iestatījumi	tetapan	Instellingen	Ustawienia	Configurações	Настройки	การตั้งค่า	Ayarlar	Налаштування	设置
screen	weighing_summary	Summary	Tổng hợp	ملخص	Shrnutí	Zusammenfassung	Περίληψη	Resumen	Kokkuvõte	Yhteenveto	Résumé	सारांश	Ringkasan	Riepilogo	まとめ	សង្ខេប	ಸಾರಾಂಶ	요약	ສະຫຼຸບ	Kopsavilkums	Ringkasan	Samenvatting	Streszczenie	Resumo	Краткое содержание	สรุป	Özet	Резюме	概括
screen	weighing_export	Export goods	Hàng Xuất	تصدير البضائع	Export zboží	Waren exportieren	Εξαγωγή αγαθών	exportar bienes	Ekspordi kaupu	Vie tavaroita	Exporter des marchandises	माल निर्यात करें	Ekspor barang	Esportare merci	輸出品	ទំនិញនាំចេញ	ಸರಕುಗಳನ್ನು ರಫ್ತು ಮಾಡಿ	수출품	ສິນຄ້າສົ່ງອອກ	Eksportēt preces	Barang eksport	Goederen exporteren	Eksportuj towary	Exportar mercadorias	Экспортные товары	สินค้าส่งออก	İhracat malları	Експортні товари	出口商品
screen	weighing_defective	Defective goods	Hàng Dạt	البضائع المعيبة	Vadné zboží	Defekte Ware	Ελαττωματικά εμπορεύματα	Mercancías defectuosas	Defektiga kaup	Viallinen tavara	Marchandises défectueuses	दोषपूर्ण माल	Barang cacat	Merce difettosa	不良品	ទំនិញខូច	ದೋಷಯುಕ್ತ ಸರಕುಗಳು	불량품	ສິນຄ້າຜິດປົກກະຕິ	Bojātas preces	Barang rosak	Defecte goederen	Towar wadliwy	Mercadorias defeituosas	Дефектный товар	สินค้ามีตำหนิ	Arızalı mallar	Бракований товар	不良品
screen	weighing_bulk	Bulk goods	Hàng Xá	البضائع السائبة	Hromadné zboží	Massenware	Εμπορεύματα χύμα	Productos a granel	Puistekaubad	Irtotavarat	Marchandises en vrac	थोक माल	Barang massal	Merci sfuse	バルク品	ទំនិញច្រើន។	ಬೃಹತ್ ಸರಕುಗಳು	벌크상품	ສິນຄ້າຫຼາຍ	Lielapjoma preces	Barang pukal	Bulkgoederen	Towary masowe	Mercadorias a granel	Массовые товары	สินค้าเทกอง	Toplu mallar	Масові товари	大宗货物
language	selectLanguage	Select Language	Chọn ngôn ngữ	اختار اللغة	Zvolte jazyk	Sprache auswählen	Επιλέξτε γλώσσα	Seleccione el idioma	Vali keel	Valitse kieli	Choisir la langue	भाषा चुने	Pilih bahasa	Seleziona la lingua	言語を選択する	ជ្រើសរើស ភាសា	ಭಾಷೆಯನ್ನು ಆಯ್ಕೆಮಾಡಿ	언어를 선택하십시오	ເລືອກພາສາ	Izvēlēties valodu	Pilih Bahasa	Selecteer taal	Wybierz język	Selecione o idioma	Выберите язык	เลือกภาษา	Dil Seçin	Оберіть мову	选择语言
language	arabic	Arabic	Tiếng Ả Rập	عربي	arabština	Arabisch	αραβικός	Arábica	Araabia	arabialainen	arabe	अरबी	Arab	Arabo	アラビア語	អារ៉ាប់	ಅರೇಬಿಕ್	아라비아 말	ພາສາອາຣັບ	Arābu	Arab	Arabisch	arabski	árabe	арабский	ภาษาอาหรับ	Arapça	Арабський	阿拉伯
language	ukrainian	Ukrainian	Tiếng Ukraine	الأوكرانية	ukrajinština	ukrainisch	Ουκρανός	ucranio	Ukraina	Ukrainalainen	ukrainien	यूक्रेनी	Orang Ukraina	ucraino	ウクライナ人	ជនជាតិអ៊ុយក្រែន	ಯುಕೆರಿನ	우크라이나 인	ອູແກຣນ	Ukraiņu	Ukraine	Oekraïens	ukraiński	ucraniano	украинец	ชาวยูเครน	Ukrayna	Український	乌克兰
language	turkish	Turkish	Tiếng Thổ Nhĩ Kỳ	اللغة التركية	turečtina	Türkisch	τούρκικος	turco	Türgi	Turkkilainen	turc	तुर्की	Turki	Turco	トルコ語	ទួរគី	ಟರ್ಕಿಯ	터키	ພາສາຕຸລະກີ	Turku	Turki	Turks	turecki	turco	турецкий	ตุรกี	Türkçe	Турецький	土耳其
language	thai	Thai	Tiếng Thái	التايلاندية	Thai	Thai	Ταϊλάνδης	tailandés	Tai	Thaimaalainen	thaïlandais	थाई	Thai	tailandese	タイ	ថៃ	ದರ್ಜೆ	태국	ຄົນໄທ	Taizemiete	Thai	Thais	tajski	tailandês	Тайский	แบบไทย	Tayland	Тайський	泰国
language	spanish	Spanish	Tiếng Tây Ban Nha	الأسبانية	španělština	Spanisch	Ισπανικά	Español	Hispaania keel	Espanja	Espagnol	स्पैनिश	Orang Spanyol	spagnolo	スペイン語	អេស្ប៉ាញ	ಸ್ಪೋರ್ಯ	스페인의	ສະເປນ	Spāņu valoda	Sepanyol	Spaans	hiszpański	Espanhol	испанский	ภาษาสเปน	İspanyol	Іспанська мова	西班牙语
language	russian	Russian	Tiếng Nga	الروسية	ruština	Russisch	Ρωσική	ruso	Vene	Venäjän kieli	russe	रूसी	Rusia	russo	ロシア	រុស្ស៊ី	ರಷ್ಯಾದ	러시아인	ພາສາລັດເຊຍ	Krievs	Rusia	Russisch	Rosyjski	russo	Русский	ชาวรัสเซีย	Rusça	російський	俄语
language	portuguese	Portuguese	Tiếng Bồ Đào Nha	البرتغالية	portugalština	Portugiesisch	Πορτογαλικά	portugués	Portugali keel	Portugalin kieli	Portugais	पुर्तगाली	Portugis	portoghese	ポルトガル語	ព័រទុយហ្កាល់	ಪೋರ್ಚುಗೀಸ್	포르투갈 인	ປອກຕຸຍການ	Portugāļu valoda	Portugis	Portugees	portugalski	Português	португальский	ชาวโปรตุเกส	Portekizce	Португальський	葡萄牙语
language	polish	Polish	Tiếng Ba Lan	تلميع	polština	Polieren	Στίλβωση	Polaco	Poola	Kiillottaa	polonais	पोलिश	Polandia	Polacco	研磨	ធេវីអាេយរលោង	ಹೊಳಪು ಕೊಡು	광택	ໂປໂລຍ	Pulēt	Menggilap	Pools	Polski	polonês	Лак	ขัด	Lehçe	Польський	抛光
language	latvian	Latvian	Tiếng Latvia	لاتفيا	lotyšský	lettisch	Λετονική	letón	Läti	Latvialainen	letton	लात्वीयावासी	Latvia	lettone	ラトビアン	ឡាតវីយ៉ា	ಲಾಟ್ವಿಯದ	라트비아 사람	ລັດເວຍ	Latviešu	Latvian	Letland	łotewski	letão	Латышский	เกี่ยวกับลัตเวีย	Letonyalı	Латвійський	拉脱维亚
language	lao	Lao	Tiếng Lào	لاو	Lao	Lao	Λάος	Lao	Lao	Lao	Lao	लाओ	Lao	Lao	ラオス	ឡាវ	ಲಾವನ	라오	ພາສາລາວ	Lao	Lao	Lao	Lao	Laos	Лаос	ลาว	Lao	Лао	老挝
language	malay	Malay	Tiếng Mã lai	لغة الملايو	Malay	malaiisch	Μαλαισία	malayo	Malai	Malaijilainen	malais	मलायी	Melayu	malese	マレー	ម៉ាឡេ	ಮಲಯ	말레이 사람	ມາເລ	Malajiešu valoda	Melayu	Maleis	malajski	malaio	малайский	มลายู	Malay	Малайський	马来语
language	korean	Korean	Tiếng Hàn Quốc	الكورية	korejština	Koreanisch	κορεάτης	coreano	Korea	Korealainen	coréen	कोरियाई	Korea	coreano	韓国語	កូរ៉េ	ಕೊರಿಯಾದ	한국인	ເກົາຫຼີ	Korejiešu	Korea	Koreaans	koreański	coreano	Корейский	เกาหลี	Koreli	Корейський	韩国人
language	khmer	Khmer	Tiếng Khmer	الخمير	Khmer	Khmer	Χμερ	Jemer	Khme	Khmer	Khmer	खमेर	Khmer	Khmer	クメール	ខ្មែរ	ಖಮೇರ್	크메르	ໄທຣາ	Khmers	Khmer	Khmer	Khmer	Khmer	Кхмер	เขมรตัว	Khmer	Кхмер	高棉
language	kannada	Kannada	Tiếng Kannada	الكانادا	Kannada	Kannada	Κανάντα	Kannada	Kannada	Kannada	Kannada	कन्नडा	Kannada	Kannada	カンナダ	Kannada	ಕನ್ನಡಿ	칸나다어	Kannada	Kannāda	Kannada	Kannada	Kannada	Kannada	Каннада	ภาษากันนาดา	Kannada	Канада	卡纳达语
language	japanese	Japanese	tiếng Nhật	اليابانية	japonský	japanisch	Ιαπωνικά	japonés	Jaapani keel	japanilainen	Japonais	जापानी	Jepang	giapponese	日本語	ជនជាតិជប៉ុន	ಜಪಾನೀಸ್	일본어	ຍີ່ປຸ່ນ	Japānis	Jepun	Japans	język japoński	japonês	Японский	ญี่ปุ่น	Japonca	Японський	日本人
language	italian	Italian	Tiếng Ý	إيطالي	italština	Italienisch	ιταλικός	italiano	Itaallane	italialainen	italien	इतालवी	Italia	Italiano	イタリアの	អ៊ីតាលី	ಇಟಲಿಯ	이탈리아 사람	ອິຕາລຽນ	Itālietis	Bahasa Itali	Italiaans	Włoski	italiano	Итальянский	อิตาลี	İtalyan	Італійський	意大利人
language	indonesian	Indonesian	Tiếng Indonesia	إندونيسي	indonéština	Indonesisch	Ινδονησιακός	indonesio	Indoneesia	Indonesialainen	indonésien	इन्डोनेशियाई	bahasa Indonesia	indonesiano	インドネシア語	ឥណ្ឌូនេស៊ី	ಇಂಡೋನೀಷಿಯ	인도네시아 인	ອິນໂດເນເຊຍ	Indonēzietis	Indonesia	Indonesisch	indonezyjski	indonésio	индонезийский	ชาวอินโดนีเซีย	Endonezyalı	Індонезійський	印度尼西亚
language	hindi	Hindi	Tiếng Hindi	الهندية	hindština	Hindi	Χίντι	hindi	Hindi keel	Hindi	hindi	हिंदी	Hindi	hindi	ヒンディー語	ហិណ្ឌូ	ಹಿಂದಿ	힌디 어	ຮິນດູ	Hindu valoda	Hindi	Hindi	hinduski	hindi	хинди	ภาษาฮินดี	Hintçe	Хінді	印地语
language	greek	Greek	Tiếng Hy Lạp	اليونانية	řecký	griechisch	Ελληνικά	Griego	Kreeka keel	Kreikka	grec	यूनानी	Orang yunani	greco	ギリシャ語	ក្រិក	ಗ್ರೀಕ್	그리스 어	ກເຣັກ	Grieķu valoda	Greek	Grieks	grecki	grego	Греческий	กรีก	Yunan	Грецький	希腊语
language	german	German	Tiếng Đức	ألمانية	Němec	Deutsch	Γερμανός	Alemán	Sakslane	Saksan kieli	Allemand	जर्मन	Jerman	Tedesco	ドイツ人	អាឡឺម៉ង់	ಜರ್ಮನ್ ಭಾಷೆಯ	독일 사람	ເຢຍລະມັນ	Vācu valoda	Jerman	Duits	Niemiecki	Alemão	Немецкий	ชาวเยอรมัน	Almanca	Німецький	德语
language	french	French	Tiếng Pháp	فرنسي	francouzština	Französisch	γαλλική γλώσσα	Francés	Prantsuse	Ranskan kieli	Français	फ्रांसीसी	Perancis	francese	フランス語	បារាំង	ಫ್ರೆಂಚ್	프랑스 국민	ຝຣັ່ງ	Franču valoda	Perancis	Frans	Francuski	Francês	Французский	ภาษาฝรั่งเศส	Fransızca	Французький	法语
language	finnish	Finnish	Tiếng Phần Lan	الفنلندية	Finštinu	finnisch	φινλανδικός	finlandés	Soomlane	Suomalainen	finlandais	फिनिश	Finlandia	finlandese	フィンランド語	ហ្វាំងឡង់	ಲೋಕದ	핀란드	ແຟງລັງ	Somu	Finland	Fins	fiński	finlandês	Финский	ภาษาฟินแลนด์	Fince	Фінський	芬兰
language	estonian	Estonian	Tiếng Estonia	الإستونية	estonština	estnisch	Εσθονικός	Estonio	Eestonian	Virolainen	estonien	एस्तोनियावासी	Estonia	Estone	エストニアン	អេស្តូនី	ಎಸ್ಟೋನದ	에스토니아 사람	estonian	Igauņu	Estonia	Estlands	estoński	estoniano	эстонский	เอสโตเนีย	Estonya	Естонський	爱沙尼亚人
language	dutch	Dutch	Tiếng Hà Lan	هولندي	holandský	Niederländisch	Ολλανδός	Holandés	Hollandlane	Hollannin kieli	Néerlandais	डच	Belanda	Olandese	オランダの	ហូឡង់	ಡಚ್ಚರ	네덜란드 사람	ໂຮນລັງ	Holandieši	Belanda	Nederlands	Holenderski	Holandês	Голландский	ชาวดัตช์	Flemenkçe	Голландський	荷兰
language	czech	Czech	Tiếng Séc	التشيكية	čeština	Tschechisch	Τσέχος	checo	Tšehhi	Tšekin	tchèque	चेक	Ceko	ceco	チェコ	ឆែក	ಜೆಕ್	체코 사람	ເຊັກ	Čehu valoda	Czech	Tsjechisch	Czech	Tcheco	Чешский	ภาษาเช็ก	Çek	Чеський	捷克
language	chinese	Chinese	Tiếng Trung Quốc	صينى	čínština	Chinesisch	κινέζικα	Chino	Hiinlane	Kiinalainen	Chinois	चीनी	Cina	Cinese	中国語	ចិន	ಚೀನಾದ	중국인	ຈີນ	Ķīnietis	Cina	Chinese	chiński	chinês	Китайский	ชาวจีน	Çince	Китайський	中国人
language	english	English	Tiếng Anh	إنجليزي	Angličtina	Englisch	Αγγλικά	Inglés	Inglise	Englanti	Anglais	अंग्रेज़ी	Bahasa inggris	Inglese	英語	អាលេវីម	ಆಂಗ್ಲ	영어	ພາສາອັງກິດ	Angļu	Bahasa Inggeris	Engels	język angielski	Inglês	Английский	ภาษาอังกฤษ	İngilizce	Англійська мова	英语
language	vietnamese	Vietnamese	Tiếng Việt	الفيتنامي	vietnamština	Vietnamesisch	Βιετναμέζος	vietnamita	Vietnamlane	vietnam	vietnamien	वियतनामी	Orang Vietnam	vietnamita	ベトナム人	ជនជាតិវៀតណាម	ವಿಯೆಟ್ನಾಂ	베트남어	ໄທຍວນ	Vjetnamietis	Vietnam	Vietnamees	wietnamski	vietnamita	вьетнамский	เวียดนาม	Vietnam	В'єтнамський	越南人
language	languages	Languages	Ngôn ngữ	اللغات	Jazyky	Sprachen	Γλώσσες	Lenguas	Keeled	Kieli (kielet	Langues	बोली	Bahasa	Le lingue	言語	បដា	ಭಾಷೆಗಳ	언어	ພາສາ	Valodas	Bahasa	Talen	Języki	línguas	Языки	ภาษา	Diller	Мови	语言
ads	Unlimited	Unlimited	Vô hạn	غير محدود	Neomezený	Unbegrenzt	Απεριόριστος	Ilimitado	Piiramatu	Rajoittamaton	Illimité	असीमित	Tak terbatas	Illimitato	無制限	គ្មានដែនកំណត់	ಅನಿಯಮಿತ	제한 없는	ບໍ່ຈໍາກັດ	Neierobežots	Tidak terhad	Onbeperkt	Nieograniczony	Ilimitado	Неограниченный	ไม่ จำกัด	Sınırsız	Необмежений	无限
ads	Advertisements	Advertisements	Quảng cáo	الإعلانات	Reklamy	Anzeige	Διαφημίσεις	Anuncios	Reklaamid	Mainokset	Annonces	विज्ञापनों	Iklan	Annunci	広告	ការផ្សាយពាណិជ្ជកម្ម	ಜಾಹೀರಾತುಗಳು	광고	ການໂຄສະນາ	Sludinājumi	Iklan	Advertenties	Reklamy	Anúncios	Рекламные объявления	โฆษณา	Reklamlar	Реклама	广告
ads	NoAds	No Ads	Không quảng cáo	لا اعلانات	Žádné reklamy	Keine Werbung	Χωρίς διαφημίσεις	Sin anuncios	Reklaame pole	Ei mainoksia	Pas de pubs	विज्ञापन नहीं	Tanpa iklan	Nessuna pubblicità	広告なし	គ្មានការផ្សព្វផ្សាយពាណិជ្ជកម្ម	ಜಾಹೀರಾತುಗಳಿಲ್ಲ	광고 없음	ບໍ່ມີໂຄສະນາ	Nav reklāmu	Tiada iklan	Geen advertenties	Bez reklam	Sem anúncios	Без рекламы	ไม่มีโฆษณา	Reklamsız	Немає оголошень	无广告
register	agreeTerms	By tapping __ Continue ___, you will be charged, your subscription will auto-renew for the same package length until you cancel via App Store Settings, and you agree to our Terms.	Khi nhấn __ Tiếp tục ___, bạn đồng ý với Điều khoản của chúng tôi. Các gói đăng ký của bạn sẽ tự động gia hạn với cùng thời lượng gói cho đến khi bạn hủy thông qua cài đặt trên App Store.	من خلال النقر على __ متابعة ___ ، سيتم فرض رسوم عليك ، وسيتم تجديد الاشتراك الخاص بك تلقائيًا لنفس طول الحزمة حتى تقوم بالإلغاء عبر إعدادات متجر التطبيقات ، وتوافق على شروطنا.	Klepnutím na __ Pokračujte v ___, bude vám účtováno, vaše předplatné bude automaticky obnovit stejnou délku balíčku, dokud nezrušíte nastavení App Store, a souhlasíte s našimi podmínkami.	Wenn Sie __ fortsetzen ___, werden Sie berechnet, Ihr Abonnement wird automatisch für dieselbe Paketlänge nachverdünnt, bis Sie über App Store-Einstellungen stornieren, und Sie stimmen unseren Bedingungen zu.	Πατώντας __ Συνεχίστε ___, θα χρεωθείτε, η συνδρομή σας θα αναζωογονήσει αυτόματα για το ίδιο μήκος συσκευασίας μέχρι να ακυρώσετε μέσω των ρυθμίσεων αποθήκευσης εφαρμογών και συμφωνείτε με τους όρους μας.	Al tocar __ continuar ___, se le cobrará, su suscripción se renovará automáticamente para la misma duración del paquete hasta que cancele a través de la configuración de la tienda de aplicaciones, y acepta nuestros términos.	Koputades __ Jätka ___, võetakse teilt tasu, teie tellimus tühistab sama paketi pikkuse automaatselt, kuni tühistate App Store'i sätete kaudu, ja nõustute meie tingimustega.	Napauttamalla __ jatka ___, sinulta veloitetaan, tilauksesi uusii uudelleen saman paketin pituuden, kunnes peruutat App Store -asetusten kautta, ja hyväksyt ehdot.	En appuyant sur __ Continuer ___, vous serez facturé, votre abonnement sera automatiquement renouvelé pour la même longueur de package jusqu'à ce que vous annulez via les paramètres de l'App Store et vous acceptez nos conditions.	__ को जारी रखने से ___, आपको चार्ज किया जाएगा, आपकी सदस्यता एक ही पैकेज की लंबाई के लिए ऑटो-रेन्यू होगी जब तक कि आप ऐप स्टोर सेटिंग्स के माध्यम से रद्द नहीं करते हैं, और आप हमारी शर्तों से सहमत हैं।	Dengan mengetuk __ Lanjutkan ___, Anda akan dikenakan biaya, langganan Anda akan memperbarui secara otomatis untuk panjang paket yang sama sampai Anda membatalkan melalui pengaturan App Store, dan Anda menyetujui persyaratan kami.	Toccando __ Continua ___, ti verrà addebitato, l'abbonamento verrà auto-rinnovato per la stessa durata del pacchetto fino a quando non si annulla le impostazioni dell'App Store e accetta i nostri termini.	__続行___をタップすることにより、充電されます。サブスクリプションは、App Storeの設定を介してキャンセルするまで、同じパッケージの長さに対して自動レネーになり、条件に同意します。	តាមរយៈការប៉ះ __ បន្ត ___ អ្នកនឹងត្រូវបានគិតប្រាក់ការជាវរបស់អ្នកនឹងបន្តជាការសរសេរឡើងវិញដោយស្វ័យប្រវត្តិសម្រាប់ប្រវែងកញ្ចប់ដដែលរហូតដល់អ្នកបោះបង់ការកំណត់ App Store ហើយអ្នកយល់ព្រមនឹងលក្ខខណ្ឌរបស់យើង។	__ ಮುಂದುವರಿಸಿ ___ ಮುಂದುವರಿಸಿ, ನಿಮಗೆ ಶುಲ್ಕ ವಿಧಿಸಲಾಗುತ್ತದೆ, ನಿಮ್ಮ ಚಂದಾದಾರಿಕೆ ನೀವು ಆಪ್ ಸ್ಟೋರ್ ಸೆಟ್ಟಿಂಗ್‌ಗಳ ಮೂಲಕ ರದ್ದುಗೊಳಿಸುವವರೆಗೆ ಅದೇ ಪ್ಯಾಕೇಜ್ ಉದ್ದಕ್ಕೆ ಸ್ವಯಂಚಾಲಿತವಾಗಿ ನವೀಕರಿಸುತ್ತದೆ ಮತ್ತು ನಮ್ಮ ನಿಯಮಗಳನ್ನು ನೀವು ಒಪ್ಪುತ್ತೀರಿ.	__ 계속 ___를 탭하면 요금이 청구되며, 구독은 App Store 설정을 통해 취소 할 때까지 동일한 패키지 길이에 대한 자동 갱신이됩니다.이 약관에 동의합니다.	ໂດຍການແຕະ __ ສືບຕໍ່ __ ___, ທ່ານຈະຖືກຄິດຄ່າທໍານຽມ, ການສະຫມັກໃຊ້ຄວາມຍາວຂອງຊຸດດຽວກັນຈົນກວ່າທ່ານຈະເຫັນດີກັບຂໍ້ກໍານົດຂອງພວກເຮົາ.	Pieskaroties __ turpināt ___, jums tiks iekasēta maksa, jūsu abonements automātiski atjaunos tādu pašu paketes garumu, līdz jūs atcelsit, izmantojot App Store iestatījumus, un jūs piekrītat mūsu noteikumiem.	Dengan mengetuk __ Teruskan ___, anda akan dikenakan bayaran, langganan anda akan diperbaharui secara automatik untuk panjang pakej yang sama sehingga anda membatalkan melalui tetapan App Store, dan anda bersetuju dengan terma kami.	Door op __ doorgaan ___ te tikken, wordt u in rekening gebracht, uw abonnement wordt automatisch vernieuwd voor dezelfde pakketlengte totdat u annuleert via App Store-instellingen en u akkoord gaat met onze voorwaarden.	Stukając __ Kontynuuj ___, zostaniesz obciążony, Twoja subskrypcja będzie automatycznie reniw dla tej samej długości pakietu, dopóki nie anulujesz za pośrednictwem ustawień App Store i zgodzisz się na nasze warunki.	Ao tocar __ Continue ___, você será cobrado, sua assinatura será renovada automaticamente pelo mesmo comprimento do pacote até que você cancelasse através das configurações da App Store e você concorda com nossos termos.	Поступив __ Продолжить ___, вы будете взиматься, ваша подписка будет автоматически продлеваться по той же длине пакета, пока вы не отмените настройки приложений, и вы соглашаетесь с нашими условиями.	โดยการแตะ __ ดำเนินการต่อ ___ คุณจะถูกเรียกเก็บเงินการสมัครสมาชิกของคุณจะต่ออายุอัตโนมัติสำหรับความยาวแพ็คเกจเดียวกันจนกว่าคุณจะยกเลิกผ่านการตั้งค่า App Store และคุณยอมรับข้อกำหนดของเรา	__ Devam ederek ___ devam edin, tahsil edileceksiniz, aboneliğiniz App Store ayarları aracılığıyla iptal edene kadar aynı paket uzunluğu için otomatik olarak yenilenecek ve şartlarımızı kabul edersiniz.	Накладаючи __ Продовжити ___, з вами стягуватиметься стягнуто, ваша підписка буде автоматично відновити на ту саму довжину пакету, поки ви не скасуєте через налаштування App Store, і ви погоджуєтесь з нашими умовами.	通过点击__继续___，您将被收取费用，您的订阅将自动续订相同的软件包长度，直到您通过App Store设置取消，并同意我们的条款。
settings_actions	restorePurchase	Restore Purchase	Khôi phục mua hàng	استعادة شراء	Obnovit nákup	Kauf wiederherstellen	Επαναφορά αγοράς	Compra de restauración	Ostu taastamine	Palauta osto	Restaurer l'achat	पुनःस्थापन क्रय	Kembalikan pembelian	Ripristinare acquisto	購入商品を復元する	ស្តា​រ​ការ​ទិញ	ಖರೀದಿಯನ್ನು ಮರುಸ್ಥಾಪಿಸಿ	구매를 복원하십시오	ຟື້ນຟູການຊື້	Atjaunot pirkumu	Memulihkan pembelian	Herstel aankoop	Przywróć zakup	Restaurar compra	Восстановить покупку	กู้คืนการซื้อ	Satın Alma Geri Yükle	Відновити придбання	恢复购买
settings_actions	feedback	Feedback	Phản hồi	تعليق	Zpětná vazba	Rückmeldung	Ανατροφοδότηση	Comentario	Tagasiside	Palaute	Retour	प्रतिक्रिया	Masukan	Feedback	フィードバック	មតិប្រតិកម្ម	ಪ್ರತಿಕ್ರಿಯೆ	피드백	ຄໍາຕິຊົມ	Atsauksmes	Maklum balas	Feedback	Informacja zwrotna	Opinião	Обратная связь	ข้อเสนอแนะ	Geri bildirim	Зворотний зв'язок	反馈
settings_actions	shareApp	Share	Chia sẻ	يشارك	Podíl	Aktie	Μερίδιο	Compartir	Osakaal	Jaa	Partager	शेयर करना	Membagikan	Condividere	共有	ការរមលេក	ಹಂಚು	공유하다	ສ່ວນ	Akcija	Berkongsi	Deel	Udział	Compartilhar	Делиться	แบ่งปัน	Paylaşmak	Розподіляти	分享
settings_actions	rateAndReview	Rate ______ Review	Nhận xét ______ Đánh giá	مراجعة معدل	Sazba a recenze	Rate ______ Review	Βαθμολογία ______ κριτική	Revisión de tasas	Hindama ja ülevaade	Arviointi ja arviointi	Tarif et examen	दर और समीक्षा	Nilai ______ Ulasan	Tariffa e revisione	レートとレビュー	អត្រានិងការត្រួតពិនិត្យ	ದರ ಮತ್ತು ವಿಮರ್ಶೆ	속도 및 검토	ອັດຕາແລະການທົບທວນ	Likme un pārskats	Kadar ______ Kajian	Tarief ______ beoordeling	Stawka i przegląd	Taxa e revisão	Скорость и обзор	ให้คะแนนและทบทวน	Oran incelemesi	Цінність та огляд	费率和评论
settings_actions	term	Terms and Conditions	Các điều khoản và điều kiện	الأحكام والشروط	Pravidla a podmínky	Geschäftsbedingungen	Οροι και Προϋποθέσεις	Términos y condiciones	Tingimused	Käyttöehdot	Termes et conditions	नियम और शर्तें	syarat dan Ketentuan	Termini e Condizioni	利用規約	ល័ក្ខខ័ណ្ឌ	ನಿಯಮಗಳು ಮತ್ತು ಷರತ್ತುಗಳು	이용 약관	ຂໍ້ກໍານົດແລະເງື່ອນໄຂ	Noteikumi un nosacījumi	Terma dan syarat	Voorwaarden	Regulamin	Termos e Condições	Условия и положения	ข้อกำหนดและเงื่อนไข	Şartlar ve koşullar	Правила та умови	条款和条件
settings_actions	policy	Privacy Policy	Chính sách bảo mật	سياسة الخصوصية	Zásady ochrany osobních údajů	Datenschutzrichtlinie	Πολιτική απορρήτου	política de privacidad	Privaatsuspoliitika	Tietosuojakäytäntö	politique de confidentialité	गोपनीयता नीति	Kebijakan pribadi	politica sulla riservatezza	プライバシーポリシー	គោលការណ៍​ភាព​ឯកជន	ಗೌಪ್ಯತಾ ನೀತಿ	개인 정보 정책	ນະໂຍບາຍຄວາມເປັນສ່ວນຕົວ	Privātuma politika	Dasar Privasi	Privacybeleid	Polityka prywatności	política de Privacidade	политика конфиденциальности	นโยบายความเป็นส่วนตัว	Gizlilik Politikası	Політика конфіденційності	隐私政策
settings_theme	textColor	Text Color	Màu văn bản	لون الخط	Barva textu	Textfarbe	Χρώμα κειμένου	Color de texto	Tekstivärv	Tekstinväri	Couleur de texte	पाठ का रंग	Warna teks	Colore del testo	テキストの色	ពណ៌អត្ថបទ	ಪಠ್ಯ ಬಣ್ಣ	텍스트 색상	ສີ Text	Teksta krāsa	Warna teks	Tekst kleur	Kolor tekstu	Cor do texto	Цвет текста	สีข้อความ	Metin rengi	Текстовий колір	文字颜色
settings_theme	backgroundColor	Background Color	Màu nền	لون الخلفية	Barva pozadí	Hintergrundfarbe	Χρώμα του φόντου	Color de fondo	Taustavärv	Taustaväri	Couleur de l'arrière plan	पृष्ठभूमि का रंग	Warna latar belakang	Colore di sfondo	背景色	ពណ៌ផ្ទៃខាងក្រោយ	ಹಿನ್ನೆಲೆ ಬಣ್ಣ	배경색	ສີພື້ນຫລັງ	Fona krāsa	Warna latar belakang	Achtergrond kleur	Kolor tła	Cor de fundo	Фоновый цвет	สีพื้นหลัง	Arka plan rengi	Колір фону	背景颜色
settings_theme	boxColor	Box Color	Màu hộp	لون المربع	Barva krabice	Boxfarbe	Χρωματικό χρώμα	Color de la caja	Karbivärv	Laatikkoväri	Couleur de la boîte	बक्से का रंग	Warna kotak	Colore della scatola	ボックスカラー	ពណ៌ប្រអប់	ಬಾಕ್ಸ್ ಬಣ್ಣ	상자 색상	ສີຕູ້	Kastes krāsa	Warna kotak	Dooskleur	Kolor pudełka	Cor da caixa	Цвет коробки	สีกล่อง	Kutu rengi	Коробний колір коробки	盒子颜色
actions	selectAll	Select All	Chọn tất cả	اختر الكل	Vybrat vše	Wählen Sie Alle	Επιλογή όλων	Seleccionar todo	Vali kõik	Valitse kaikki	Tout sélectionner	सबका चयन करें	Pilih Semua	Seleziona tutto	すべて選択	ជ្រើសរើស​ទាំងអស់	ಎಲ್ಲವನ್ನು ಆರಿಸು	모두를 선택하십시오	ເລືອກ​ທັງ​ຫມົດ	Izvēlēties visus	Pilih semua	Selecteer alles	Zaznacz wszystko	Selecionar tudo	Выбрать все	เลือกทั้งหมด	Hepsini seç	Вибрати все	全选
actions	deselectAll	Deselect All	Bỏ chọn tất cả	الغاء تحديد الكل	Odznačit vše	Alle abwählen	Αποεπιλογή όλων	Deseleccionar todo	Valige kõik	Poistaa kaikki valinta	Tout déselectionner	सबको अचयनित करो	Batalkan pilihan semua	Deselezionare tutto	すべての選択を解除	ដោះជម្រើសទាំងអស់	ಎಲ್ಲವನ್ನು ಆಯ್ಕೆ ಮಾಡಿ	모든 것을 선택 해제하십시오	ບໍ່ເລືອກທັງຫມົດ	Atsijāt visu	Nyahpilih semua	Deselecteer alles	Odznacz wszystkie	Desmarcar todos	Убрать выделение со всего	ยกเลิกการเลือกทั้งหมด	Hiçbirini seçme	Вимити вибір	取消选择
actions	cancel	Cancel	Hủy bỏ	يلغي	zrušení	Stornieren	Ματαίωση	Cancelar	Tühistama	Peruuttaa	Annuler	रद्द करना	Membatalkan	Annulla	キャンセル	លប់ចោល	ರದ್ದುಮಾಡು	취소	ຍົກເລີກ	Atcelt	Batalkan	Annuleren	Anulować	Cancelar	Отмена	ยกเลิก	İptal etmek	Скасувати	取消
actions	done	Done	Xong	منتهي	Hotovo	Erledigt	Εγινε	Hecho	Tehtud	Tehty	Fait	हो गया	Selesai	Fatto	終わり	រ្យេឱដេនោ	ಮುಗಿದ	완료	ແລ້ວ? ແລ້ວ	Darīts	Selesai	Klaar	Zrobione	Feito	Сделанный	เสร็จแล้ว	Tamamlamak	Зроблений	完毕
actions	send	Send	Gửi	يرسل	Poslat	Schicken	Στείλετε	Enviar	Saada	Lähettää	Envoyer	भेजना	Mengirim	Inviare	送信	ផ្ញើរ	ಕಳುಹಿಸು	보내다	ສົ່ງ	Nosūtīt	Hantar	Versturen	Wysłać	Enviar	Отправлять	ส่ง	Göndermek	Надсилати	发送
actions	ok	OK	Đồng ý	نعم	OK	OK	Εντάξει	DE ACUERDO	Okei	Hyvä	D'ACCORD	ठीक है	OKE	OK	わかりました	យល់ព្រម	ಸರಿ	좋아요	ຕົກ​ລົງ	labi	okey	OK	OK	OK	ХОРОШО	ตกลง	TAMAM	в порядку	好的
actions	edit	Edit	Chỉnh sửa	يحرر	Upravit	Bearbeiten	Επεξεργασία	Editar	Redigeerima	Muokata	Modifier	संपादन करना	Edit	Modificare	編集	បិនិត្យ	ತಿದ್ದು	편집하다	ແກ້ໄຂ	Rediģēt	Edit	Bewerking	Edytować	Editar	Редактировать	แก้ไข	Düzenlemek	Редагувати	编辑
actions	select	Select	Chọn	يختار	Vybrat	Wählen	Επιλέγω	Seleccionar	Valima	Valita	Sélectionner	चुनना	Pilih	Selezionare	選択する	រេចីសរើស	ಆಯ್ಕೆ ಮಾಡಿ	선택하다	ເລືອກ	Atlasīt	Pilih	Uitkiezen	Wybierać	Selecione	Выбирать	เลือก	Seçme	Обраний	选择
actions	selected	Selected	Đã chọn	المحدد	Vybraný	Ausgewählt	Επιλεγμένος	Seleccionado	Valitud	Valittu	Choisi	चयनित	Terpilih	Selezionato	選択	បានជ្រើស	ಆಯ್ದ	선택된	ຄັດເລືອກ	Atlasīts	Dipilih	Geselecteerd	Wybrany	Selecionado	Выбран	ที่เลือก	Seçilmiş	Обраний	选定
actions	delete	Delete	Xóa	يمسح	Vymazat	Löschen	Διαγράφω	Borrar	Kustutama	Poistaa	Supprimer	मिटाना	Menghapus	Eliminare	消去	របៅបេលរសច	ಅಳಿಸು	삭제	ລົບ	Dzēst	Padam	Verwijderen	Usuwać	Excluir	Удалить	ลบ	Silmek	Видаляти	删除
actions	share	Share	Chia sẻ	يشارك	Podíl	Aktie	Μερίδιο	Compartir	Osakaal	Jaa	Partager	शेयर करना	Membagikan	Condividere	共有	ការរមលេក	ಹಂಚು	공유하다	ສ່ວນ	Akcija	Berkongsi	Deel	Udział	Compartilhar	Делиться	แบ่งปัน	Paylaşmak	Розподіляти	分享
actions	completed	Completed!	Hoàn thành!	مكتمل!	Dokončené!	Vollendet!	Ολοκληρώθηκε το!	¡Terminado!	Valmis!	Valmis!	Complété!	पुरा होना!	Lengkap!	Completato!	完成！	បានបញ្ចប់!	ಪೂರ್ಣಗೊಂಡಿದೆ!	완전한!	ສໍາເລັດ!	Pabeigts!	Selesai!	Voltooid!	Zakończony!	Concluído!	Завершенный!	สมบูรณ์!	Tamamlanmış!	Завершено!	完全的！
actions	error	Error!	Lỗi!	خطأ!	Chyba!	Fehler!	Λάθος!	¡Error!	Viga!	Virhe!	Erreur!	गलती!	Kesalahan!	Errore!	エラー！	កំហុស!	ದೋಷ!	오류!	ຂໍ້ຜິດພາດ!	Kļūda!	Ralat!	Fout!	Błąd!	Erro!	Ошибка!	ข้อผิดพลาด!	Hata!	Помилка!	错误！
actions	search	Search	Tìm kiếm	يبحث	Vyhledávání	Suchen	Αναζήτηση	Buscar	Otsing	Hae	Recherche	खोज	Mencari	Ricerca	検索	ការឆេកឆេ	ಹುಡುಕಿ Kannada	찾다	ຄົ້ນຫາ	Meklēt	Cari	Zoekopdracht	Szukaj	Procurar	Поиск	ค้นหา	Aramak	Обшук	搜索
actions	version	Version	Phiên bản	إصدار	Verze	Ausführung	Εκδοχή	Versión	Versioon	Versio	Version	संस्करण	Versi: kapan	Versione	バージョン	កមបុរក្នា	ಆವೃತ್ತಿ	버전	ສະບັບ	Versija	Versi	Versie	Wersja	Versão	Версия	รุ่น	Versiyon	Версія	版本
general	loading	Loading ...	Đang tải ...	تحميل ...	Načítání ...	Wird geladen ...	Φόρτωση ...	Cargando ...	Laadimine ...	Ladataan ...	Chargement ...	लोड हो रहा है ...	Memuat ...	Caricamento ...	読み込み...	កំពុងផ្ទុក ...	ಲೋಡ್ ಮಾಡಲಾಗುತ್ತಿದೆ ...	로딩 ...	ກໍາລັງໂຫລດ ...	Iekraušana ...	Memuatkan ...	Bezig met laden ...	Ładowanie ...	Carregando ...	Загрузка ...	กำลังโหลด ...	Yükleniyor ...	Завантаження ...	加载中 ...
general	noInternetMessage	Unable to connect to the server. Check your connection and try again.	Không thể kết nối đến máy chủ. Kiểm tra kết nối của bạn và thử lại.	غير قادر على الاتصال بالخادم. تحقق من اتصالك وحاول مرة أخرى.	Nelze se připojit k serveru. Zkontrolujte své připojení a zkuste to znovu.	Ich kann keine Verbindung zum Server herstellen. Überprüfen Sie Ihre Verbindung und versuchen Sie es erneut.	Δεν είναι δυνατή η σύνδεση στον διακομιστή. Ελέγξτε τη σύνδεσή σας και δοκιμάστε ξανά.	No es posible conectarse al servidor. Revise su conexión y vuelva a intentarlo.	Ei saa serveriga ühendust luua. Kontrollige oma ühendust ja proovige uuesti.	Ei voi muodostaa yhteyttä palvelimeen. Tarkista yhteys ja yritä uudelleen.	Impossible de se connecter au serveur. Vérifiez votre connexion et réessayez.	सर्वर से कनेक्ट करने में अक्षम। अपने कनेक्शन की जाँच करें और फिर से प्रयास करें।	Tidak dapat terhubung ke server. Periksa koneksi Anda dan coba lagi.	Impossibile connettersi al server. Controlla la tua connessione e riprova.	サーバーに接続できません。接続を確認して、再試行してください。	មិនអាចភ្ជាប់ទៅម៉ាស៊ីនមេបានទេ។ ពិនិត្យមើលការភ្ជាប់របស់អ្នកហើយព្យាយាមម្តងទៀត។	ಸರ್ವರ್‌ಗೆ ಸಂಪರ್ಕಿಸಲು ಸಾಧ್ಯವಿಲ್ಲ. ನಿಮ್ಮ ಸಂಪರ್ಕವನ್ನು ಪರಿಶೀಲಿಸಿ ಮತ್ತು ಮತ್ತೆ ಪ್ರಯತ್ನಿಸಿ.	서버에 연결할 수 없습니다. 연결을 확인하고 다시 시도하십시오.	ບໍ່ສາມາດເຊື່ອມຕໍ່ກັບເຊີບເວີໄດ້. ກວດເບິ່ງການເຊື່ອມຕໍ່ຂອງທ່ານແລະລອງໃຫມ່ອີກຄັ້ງ.	Nevar izveidot savienojumu ar serveri. Pārbaudiet savu savienojumu un mēģiniet vēlreiz.	Tidak dapat menyambung ke pelayan. Periksa sambungan anda dan cuba lagi.	Kan niet verbinden met de server. Controleer uw verbinding en probeer het opnieuw.	Nie można połączyć się z serwerem. Sprawdź swoje połączenie i spróbuj ponownie.	Não é possível conectar ao servidor. Verifique sua conexão e tente novamente.	Невозможно подключиться к серверу. Проверьте свое соединение и попробуйте еще раз.	ไม่สามารถเชื่อมต่อกับเซิร์ฟเวอร์ได้ ตรวจสอบการเชื่อมต่อของคุณและลองอีกครั้ง	Sunucuya bağlanılamıyor. Bağlantınızı kontrol edin ve tekrar deneyin.	Неможливо підключитися до сервера. Перевірте своє з'єднання та повторіть спробу.	无法连接到服务器。检查您的连接，然后重试。
actions	retry	Retry	Thử lại	إعادة المحاولة	Opakovat	Wiederholen	Ξαναδοκιμάσετε	Rever	Uuesti proovima	Tehdä uudelleen	Recommencez	पुन: प्रयास करें	Mencoba kembali	Riprovare	リトライ	ាប់រេគ្រប់យ៉ាងបី	ಮರುಪ್ರಯತ್ನಿಸಿ	다시 해 보다	ລອງໃຫມ່	Atkārtot	Cuba semula	Opnieuw proberen	Spróbować ponownie	Tente novamente	Повторно	ลองอีกครั้ง	Yeniden yapmak	Повторити	重试
general	txt_rate	Rate now!	Đánh giá ngay bây giờ!	قيم الآن!	Ohodnoťte nyní!	Jetzt bewerten!	Βαθμολογήστε τώρα!	¡Califica ahora!	Hinda kohe!	Arvioi nyt!	Évaluez maintenant !	अब रेट करें!	Nilai sekarang!	Valuta ora!	今すぐ評価してください！	វាយតម្លៃឥឡូវនេះ!	ಈಗಲೇ ರೇಟ್ ಮಾಡಿ!	지금 평가해 보세요!	ໃຫ້ຄະແນນດຽວນີ້!	Novērtējiet tagad!	Nilai sekarang!	Beoordeel nu!	Oceń teraz!	Avalie agora!	Оцените сейчас!	ให้คะแนนตอนนี้!	Şimdi değerlendirin!	Оцініть зараз!	立即评分！
actions	txt_give_5_stars	Give us 5 stars!	Cho chúng tôi 5 sao!	أعطنا 5 نجوم!	Dejte nám 5 hvězdiček!	Gib uns 5 Sterne!	Δώστε μας 5 αστέρια!	¡Danos 5 estrellas!	Andke meile 5 tärni!	Anna meille 5 tähteä!	Donnez-nous 5 étoiles!	हमें 5 सितारे दें!	Beri kami 5 bintang!	Dacci 5 stelle!	5つ星をください！	ផ្តល់ឱ្យយើងនូវផ្កាយចំនួន 5!	ನಮಗೆ 5 ನಕ್ಷತ್ರಗಳನ್ನು ನೀಡಿ!	별 5 개를주세요!	ໃຫ້ 5 ດາວ!	Dodiet mums 5 zvaigznes!	Beri kami 5 bintang!	Geef ons 5 sterren!	Daj nam 5 gwiazdek!	Dê -nos 5 estrelas!	Дай нам 5 звезд!	ให้เรา 5 ดาว!	Bize 5 yıldız ver!	Дайте нам 5 зірок!	给我们5星！
actions	txt_no_thanks	No, thanks	Không, cám ơn	ًلا شكرا	Ne, díky	Nein danke	Οχι ευχαριστώ	No, gracias	Ei aitäh	Ei kiitos	Non merci	जी नहीं, धन्यवाद	Tidak, terima kasih	No grazie	結構です	អត់អី​ទេ​អរគុណ​ហើយ	ಬೇಡ ಧನ್ಯವಾದಗಳು	고맙지 만 사양 할게	ບໍ່​ຂອບ​ໃຈ	Nē paldies	Tidak, Terima kasih	Nee bedankt	Nie, dziękuję	Não, obrigado	Нет, спасибо	ไม่เป็นไรขอบคุณ	Hayır, teşekkürler	Ні, дякую	不，谢谢
actions	txt_notice	Notice!	Chú ý!	يلاحظ!	Oznámení!	Beachten!	Ειδοποίηση!	¡Aviso!	Pange tähele!	Ilmoitus!	Avis!	सूचना!	Melihat!	Avviso!	知らせ！	សេចក្តីជូនដំណឹង!	ಗಮನಿಸಿ!	알아채다!	ແຈ້ງການ!	Paziņojums!	Notis!	Kennisgeving!	Ogłoszenie!	Perceber!	Уведомление!	สังเกต!	Fark etme!	Зверніть увагу!	注意！
inapp	get_7_days_for_free	Get 7 days for free	Nhận 7 ngày miễn phí	احصل على 7 أيام مجانًا	Získejte 7 dní zdarma	Erhalten Sie 7 Tage gratis	Αποκτήστε 7 ημέρες δωρεάν	Consigue 7 días gratis	Hankige 7 päeva tasuta	Saat 7 päivää ilmaiseksi	Obtenez 7 jours gratuits	7 दिन निःशुल्क प्राप्त करें	Dapatkan 7 hari gratis	Ottieni 7 giorni gratis	7 日間無料で利用可能	ទទួលបាន 7 ថ្ងៃដោយឥតគិតថ្លៃ	7 ದಿನಗಳನ್ನು ಉಚಿತವಾಗಿ ಪಡೆಯಿರಿ	7일 동안 무료로 이용하세요	ຮັບ 7 ມື້ຟຣີ	Saņemiet 7 dienas bez maksas	Dapatkan 7 hari secara percuma	Ontvang 7 dagen gratis	Uzyskaj 7 dni za darmo	Ganhe 7 dias grátis	Получите 7 дней бесплатно	รับฟรี 7 วัน	7 gün ücretsiz kazanın	Отримайте 7 днів безкоштовно	免费获得 7 天
inapp	super_promotion	Super promotion	Siêu khuyến mãi	ترقية فائقة	Super propagace	Super Werbung	Σούπερ προώθηση	Súper promoción	Super reklaam	Super promootio	Super promotion	सुपर प्रमोशन	Promosi super	Super promozione	スーパープロモーション	ការផ្សព្វផ្សាយដ៏អស្ចារ្យ	ಸೂಪರ್ ಪ್ರಚಾರ	슈퍼 프로모션	ໂປຣໂມຊັນສຸດຍອດ	Super akcija	Promosi hebat	Superpromotie	Super promocja	Super promoção	Супер акция	โปรโมชั่นสุดๆ	Süper promosyon	Супер акція	超级促销
inapp	get_3_days_for_free	Get 3 days for free	Nhận 3 ngày miễn phí	احصل على 3 أيام مجانًا	Získejte 3 dny zdarma	Erhalten Sie 3 Tage gratis	Αποκτήστε 3 ημέρες δωρεάν	Consigue 3 días gratis	Hankige 3 päeva tasuta	Saat 3 päivää ilmaiseksi	Obtenez 3 jours gratuits	3 दिन मुफ़्त पाएं	Dapatkan 3 hari gratis	Ottieni 3 giorni gratis	3 日間無料で利用可能	ទទួលបាន 3 ថ្ងៃដោយឥតគិតថ្លៃ	3 ದಿನಗಳನ್ನು ಉಚಿತವಾಗಿ ಪಡೆಯಿರಿ	3일 동안 무료로 이용하세요	ຮັບ 3 ມື້ຟຣີ	Saņemiet 3 dienas bez maksas	Dapatkan 3 hari secara percuma	Ontvang 3 dagen gratis	Uzyskaj 3 dni za darmo	Ganhe 3 dias grátis	Получите 3 дня бесплатно	รับฟรี 3 วัน	3 gün ücretsiz kazanın	Отримайте 3 дні безкоштовно	免费获得 3 天
inapp	weekly_premium	Weekly	hàng tuần	أسبوعي	Týdně	Wöchentlich	Εβδομαδιαίος	Semanalmente	Iganädalane	Viikoittain	Hebdomadaire	साप्ताहिक	Mingguan	settimanalmente	毎週	ប្រចាំសប្តាហ៍	ಸಾಪ್ತಾಹಿಕ	주간	ອາທິດ	Iknedēļas	Setiap minggu	Wekelijks	Co tydzień	Semanalmente	Еженедельно	รายสัปดาห์	Haftalık	Щотижня	每周
inapp	monthly_premium	Monthly	hàng tháng	شهريا	Měsíční	Monatlich	Μηνιαίο	Mensual	Igakuine	Kuukausittain	Mensuel	महीने के	Bulanan	Mensile	毎月	ប្រចាំខែ	ಮಾಸಿಕ	월간 간행물	ປະຈໍາເດືອນ	Ikmēneša	Bulanan	Maandelijks	Miesięczny	Por mês	Ежемесячно	รายเดือน	Aylık	Щомісяця	每月
inapp	yearly_premium	Yearly	Hàng năm	سنوي	Roční	Jährlich	Ετήσια	Anual	Aastane	Vuosittain	Annuel	सालाना	Tahunan	Annuale	毎年	ប្រចាំឆ្នាំ	ವಾರ್ಷಿಕ	매년	ປະຈຳປີ	Ik gadu	setiap tahun	Jaarlijks	Rocznie	Anual	Ежегодно	เป็นประจำทุกปี	Yıllık	Щорічно	每年
inapp	weekly_premium_sale_off	Sale 50% off	Giảm giá 50%	بيع خصم 50%	Výprodej s 50% slevou	Ausverkauf 50 % Rabatt	Έκπτωση 50% έκπτωση	Venta 50% de descuento	Müük 50% soodsamalt	Myynti 50% alennus	Vente 50% de réduction	बिक्री पर 50% की छूट	Dijual diskon 50%.	Saldi scontati del 50%.	セール 50% オフ	លក់បញ្ចុះតម្លៃ 50%	50% ರಿಯಾಯಿತಿ ಮಾರಾಟ	판매 50% 할인	ຂາຍຫຼຸດ 50%.	Izpārdošana ar 50% atlaidi	Jualan 50% diskaun	Uitverkoop 50% korting	Wyprzedaż 50% taniej	Venda com 50% de desconto	Распродажа со скидкой 50%	ลดราคา 50%	Satış %50 indirim	Знижка 50%.	促销 50% 折扣
general	crate	crate	ky	قفص	bedna	Kiste	σακαράκα	caja	kast	laatikko	caisse	टोकरा	peti	cassa	木箱	ធុង	ಕ್ರೇಟ್	나무 상자	ກະຕ່າ	kaste	peti	krat	paka	caixote	ящик	ลัง	sandık	ящик	箱
general	delete_sheet_title	Delete Record	Xóa bản ghi	حذف السجل	Smazat záznam	Datensatz löschen	Διαγραφή εγγραφής	Eliminar registro	Kustuta kirje	Poista tietue	Supprimer l'enregistrement	रिकॉर्ड हटाएँ	Hapus Catatan	Elimina registrazione	レコードの削除	លុបកំណត់ត្រា	ದಾಖಲೆ ಅಳಿಸಿ	기록 삭제	ລຶບບັນທຶກ	Dzēst ierakstu	Padam Rekod	Opname verwijderen	Usuń rekord	Excluir registro	Удалить запись	ลบบันทึก	Kaydı Sil	Видалити запис	删除记录
general	delete_sheet_message	Are you sure you want to delete?	Bạn có chắc chắn muốn xóa không?	هل أنت متأكد أنك تريد الحذف؟	Opravdu chcete smazat?	Möchten Sie wirklich löschen?	Είστε βέβαιοι ότι θέλετε να διαγράψετε;	¿Estás seguro de que deseas eliminar?	Kas soovite kindlasti kustutada?	Haluatko varmasti poistaa?	Êtes-vous sûr de vouloir supprimer ?	क्या आप आश्वस्त है कि आपको डिलीट करना है?	Apakah Anda yakin ingin menghapus?	Sei sicuro di voler eliminare?	削除してもよろしいですか?	តើអ្នកប្រាកដថាចង់លុបទេ?	ನೀವು ಅಳಿಸಲು ಖಚಿತವಾಗಿ ಬಯಸುವಿರಾ?	삭제하시겠습니까?	ທ່ານແນ່ໃຈບໍ່ວ່າຕ້ອງການລຶບ?	Vai tiešām vēlaties dzēst?	Adakah anda pasti mahu memadamkan?	Weet je zeker dat je wilt verwijderen?	Czy na pewno chcesz usunąć?	Tem certeza de que deseja excluir?	Вы уверены, что хотите удалить?	คุณแน่ใจหรือไม่ว่าต้องการลบ	Silmek istediğinizden emin misiniz?	Ви впевнені, що хочете видалити?	您确定要删除吗？
general	create_record	Create Record	Tạo bản ghi	إنشاء سجل	Vytvořit záznam	Datensatz erstellen	Δημιουργία εγγραφής	Crear registro	Loo kirje	Luo tietue	Créer un enregistrement	रिकॉर्ड बनाएं	Buat Catatan	Crea registrazione	レコードの作成	បង្កើតកំណត់ត្រា	ದಾಖಲೆ ರಚಿಸಿ	레코드 생성	ສ້າງບັນທຶກ	Izveidot ierakstu	Cipta Rekod	Record maken	Utwórz rekord	Criar registro	Создать запись	สร้างบันทึก	Kayıt Oluştur	Створити запис	创建记录
general	edit_record	Edit Record	Chỉnh sửa bản ghi	تحرير السجل	Upravit záznam	Datensatz bearbeiten	Επεξεργασία εγγραφής	Editar registro	Redigeeri kirjet	Muokkaa tietuetta	Modifier l'enregistrement	रिकॉर्ड संपादित करें	Sunting Rekam	Modifica registrazione	レコードの編集	កែសម្រួលកំណត់ត្រា	ದಾಖಲೆ ಸಂಪಾದಿಸಿ	기록 편집	ແກ້ໄຂບັນທຶກ	Rediģēt ierakstu	Edit Rekod	Opname bewerken	Edytuj rekord	Editar registro	Редактировать запись	แก้ไขบันทึก	Kaydı Düzenle	Редагувати запис	编辑记录
general	at	at	lúc	في	na	bei	στο	en	juures	at	à	पर	pada	A	で	ក្នុង	ಬಳಿಗೆ	~에	ທີ່	pie	pada	bij	Na	no	в	ที่	-den	в	在
general	buy_in	buy in	mua vào	شراء في	koupit v	einkaufen	αγοράστε μέσα	comprar	sisse osta	osta sisään	acheter	खरीदना	membeli	acquistare	購入する	ទិញចូល	ಒಳಗೆ ಖರೀದಿಸಿ	매입하다	ຊື້ໃນ	iepirkties	beli masuk	inkopen	przelicytować	compre	купить в	ซื้อใน	satın almak	купити в	买入
general	sell_out	sell out	bán ra	بيع	vyprodat	ausverkauft	προδίδω	traicionar	välja müüa	myydä loppuun	vendre	बिक्री कर देना	berkhianat	esaurirsi	売り切る	លក់ចេញ	ಮಾರಾಟವಾಗುತ್ತದೆ	매진하다	ຂາຍອອກ	izpārdot	habis dijual	uitverkocht	wyprzedać	vender	распродать	ขายหมด	satmak	розпродати	出卖
general	customer_name	Customer name	Tên khách hàng	اسم العميل	Jméno zákazníka	Kundenname	Όνομα πελάτη	Nombre del cliente	Kliendi nimi	Asiakkaan nimi	Nom du client	ग्राहक का नाम	Nama pelanggan	Nome del cliente	顧客名	ឈ្មោះអតិថិជន	ಗ್ರಾಹಕರ ಹೆಸರು	고객 이름	ຊື່ລູກຄ້າ	Klienta vārds	Nama pelanggan	Klantnaam	Nazwa klienta	Nome do cliente	Имя клиента	ชื่อลูกค้า	Müşteri adı	Ім'я клієнта	客户名称
general	phone	Phone	Điện thoại	هاتف	Telefon	Telefon	Τηλέφωνο	Teléfono	Telefon	Puhelin	Téléphone	फ़ोन	Telepon	Telefono	電話	ទូរស័ព្ទ	ಫೋನ್	핸드폰	ໂທລະສັບ	Tālrunis	telefon	Telefoon	Telefon	Telefone	Телефон	โทรศัพท์	Telefon	Телефон	电话
general	address	Address	Địa chỉ	عنوان	Adresa	Adresse	Διεύθυνση	DIRECCIÓN	Aadress	Osoite	Adresse	पता	Alamat	Indirizzo	住所	អាស័យដ្ឋាន	ವಿಳಾಸ	주소	ທີ່ຢູ່	Adrese	Alamat	Adres	Adres	Endereço	Адрес	ที่อยู่	Adres	Адреса	地址
general	note	Note	Ghi chú	ملحوظة	Poznámka	Notiz	Σημείωμα	Nota	Märkus	Huom	Note	टिप्पणी	Catatan	Nota	注記	ចំណាំ	ಗಮನಿಸಿ	메모	ໝາຍເຫດ	Piezīme	Nota	Opmerking	Notatka	Observação	Примечание	บันทึก	Not	Примітка	笔记
general	price	Price	Giá	سعر	Cena	Preis	Τιμή	Precio	Hind	Hinta	Prix	कीमत	Harga	Prezzo	価格	តម្លៃ	ಬೆಲೆ	가격	ລາຄາ	Cena	harga	Prijs	Cena	Preço	Цена	ราคา	Fiyat	Ціна	价格
general	depreciation_percentage	Depreciation Percentage(%)	Tỷ lệ khấu hao(%)	نسبة الإهلاك(%)	Procento odpisu (%)	Abschreibungsprozentsatz (%)	Ποσοστό απόσβεσης(%)	Porcentaje de depreciación (%)	Amortisatsiooniprotsent (%)	Poistoprosentti (%)	Pourcentage d'amortissement (%)	मूल्यह्रास प्रतिशत(%)	Persentase Penyusutan (%)	Percentuale di ammortamento(%)	減価償却費率(%)	ភាគរយរំលោះ(%)	ಸವಕಳಿ ಶೇಕಡಾವಾರು(%)	감가상각률(%)	ເປີເຊັນຄ່າເສື່ອມລາຄາ(%)	Nolietojuma procenti (%)	Peratusan Susut Nilai(%)	Afschrijvingspercentage (%)	Procent amortyzacji (%)	Porcentagem de depreciação (%)	Процент амортизации (%)	เปอร์เซ็นต์ค่าเสื่อมราคา(%)	Amortisman Yüzdesi(%)	Відсоток амортизації (%)	折旧率(%)
general	total_weight	Total Weight	Tổng trọng lượng	الوزن الإجمالي	Celková hmotnost	Gesamtgewicht	Συνολικό Βάρος	Peso Total	Kogukaal	Kokonaispaino	Poids total	कुल वजन	Berat Total	Peso totale	総重量	ទំងន់សរុប	ಒಟ್ಟು ತೂಕ	총 중량	ນ້ຳໜັກທັງໝົດ	Kopējais svars	Jumlah Berat	Totaal gewicht	Całkowita waga	Peso total	Общий вес	น้ำหนักรวม	Toplam Ağırlık	Загальна вага	总重量
general	after_depreciation	After Depreciation	Sau khi trừ khấu hao	بعد الإهلاك	Po odpisech	Nach Abschreibung	Μετά την Απόσβεση	Después de la depreciación	Peale amortisatsiooni	Poistojen jälkeen	Après amortissement	मूल्यह्रास के बाद	Setelah Penyusutan	Dopo l'ammortamento	減価償却後	បន្ទាប់ពីរំលោះ	ಸವಕಳಿ ನಂತರ	감가상각 후	ຫຼັງຈາກຄ່າເສື່ອມລາຄາ	Pēc Nolietojuma	Selepas Susut Nilai	Na afschrijving	Po amortyzacji	Após a depreciação	После амортизации	หลังค่าเสื่อมราคา	Amortisman Sonrası	Після амортизації	折旧后
general	price_per_kg	Price / Kg	Giá / kg	السعر / كجم	Cena / kg	Preis / kg	Τιμή / Kg	Precio / Kg	Hind / kg	Hinta / kg	Prix/Kg	कीमत/किलो	Harga /Kg	Prezzo/Kg	価格/kg	តម្លៃ / គីឡូក្រាម	ಬೆಲೆ / ಕೆಜಿ	가격/kg	ລາຄາ/ກິໂລ	Cena / kg	Harga / Kg	Prijs / kg	Cena / kg	Preço/Kg	Цена / кг	ราคา / กก	Fiyat / kg	Ціна / кг	价格/公斤
general	total_amount	Total Amount	Tổng số tiền	المبلغ الإجمالي	Celková částka	Gesamtbetrag	Συνολικό Ποσό	Monto Total	Kogusumma	Kokonaismäärä	Montant total	कुल राशि	Jumlah Total	Importo totale	合計金額	ចំនួនសរុប	ಒಟ್ಟು ಮೊತ್ತ	총액	ຈໍານວນທັງຫມົດ	Kopējā summa	Jumlah Jumlah	Totaal bedrag	Całkowita kwota	Montante total	Общая сумма	จำนวนเงินทั้งหมด	Toplam Tutar	Загальна сума	总金额
general	weighing_list	Weighing list	Danh sách cân	قائمة الوزن	Seznam vah	Wiegeliste	Κατάλογος ζύγισης	lista de pesaje	Kaalunimekiri	Punnituslista	Liste de pesée	वजन सूची	Daftar penimbangan	Lista di pesatura	計量リスト	បញ្ជីទម្ងន់	ತೂಕ ಪಟ್ಟಿ	계량 목록	ບັນຊີລາຍຊື່ການຊັ່ງນໍ້າຫນັກ	Svēršanas saraksts	Senarai timbangan	Weeglijst	Lista ważeń	Lista de pesagem	Список взвешивания	รายการชั่งน้ำหนัก	Tartım listesi	Лист зважування	称重清单
general	no_data	No data available	Không có dữ liệu	لا توجد بيانات متاحة	Nejsou k dispozici žádné údaje	Keine Daten verfügbar	Δεν υπάρχουν διαθέσιμα δεδομένα	No hay datos disponibles	Andmed puuduvad	Tietoja ei ole saatavilla	Aucune donnée disponible	कोई डेटा मौजूद नहीं	Tidak ada data yang tersedia	Nessun dato disponibile	利用可能なデータがありません	មិនមានទិន្នន័យទេ។	ಯಾವುದೇ ಡೇಟಾ ಲಭ್ಯವಿಲ್ಲ	데이터가 없습니다	ບໍ່ມີຂໍ້ມູນ	Nav pieejami dati	Tiada data tersedia	Geen gegevens beschikbaar	Brak dostępnych danych	Não há dados disponíveis	Нет доступных данных	ไม่มีข้อมูล	Veri yok	Немає даних	无可用数据
general	update	Update	Cập nhật	تحديث	Aktualizovat	Aktualisieren	Εκσυγχρονίζω	Actualizar	Värskenda	Päivittää	Mise à jour	अद्यतन	Memperbarui	Aggiornamento	アップデート	ធ្វើបច្ចុប្បន្នភាព	ನವೀಕರಿಸಿ	업데이트	ອັບເດດ	Atjaunināt	Kemas kini	Update	Aktualizacja	Atualizar	Обновлять	อัปเดต	Güncelleme	оновлення	更新
general	old_value	Old value:	Giá trị cũ:	القيمة القديمة:	Stará hodnota:	Alter Wert:	Παλιά αξία:	Valor antiguo:	Vana väärtus:	Vanha arvo:	Ancienne valeur :	पुराना मूल्य:	Nilai lama:	Vecchio valore:	古い値:	តម្លៃចាស់៖	ಹಳೆಯ ಮೌಲ್ಯ:	이전 값:	ຄ່າເກົ່າ:	Vecā vērtība:	Nilai lama:	Oude waarde:	Stara wartość:	Valor antigo:	Старое значение:	ค่าเดิม:	Eski değer:	Старе значення:	旧值：
general	export_volume	Export Volume	Khối lượng Xuất	حجم التصدير	Objem exportu	Volumen exportieren	Όγκος εξαγωγής	Volumen de exportación	Ekspordi maht	Vie määrä	Volume d'exportation	निर्यात मात्रा	Volume Ekspor	Volume di esportazione	輸出量	បរិមាណនាំចេញ	ರಫ್ತು ಪರಿಮಾಣ	수출량	ປະລິມານການສົ່ງອອກ	Eksporta apjoms	Jilid Eksport	Exportvolume	Eksportuj wolumen	Volume de exportação	Объем экспорта	ปริมาณการส่งออก	İhracat Hacmi	Обсяг експорту	出口量
general	depreciation	Depreciation	Khấu hao	الاستهلاك	Amortizace	Abschreibung	Απόσβεση	Depreciación	Amortisatsioon	Poistot	Dépréciation	मूल्यह्रास	Depresiasi	Ammortamento	減価償却費	រំលោះ	ಸವಕಳಿ	감가 상각	ຄ່າເສື່ອມລາຄາ	Nolietojums	Susut nilai	Afschrijving	Amortyzacja	Depreciação	Амортизация	ค่าเสื่อมราคา	Amortisman	Амортизація	折旧
general	total_export_amount	Total Export Amount	Tổng tiền Xuất	إجمالي مبلغ التصدير	Celková částka exportu	Gesamtexportmenge	Συνολικό Ποσό Εξαγωγής	Monto total de exportación	Ekspordi kogusumma	Viennin kokonaismäärä	Montant total des exportations	कुल निर्यात राशि	Jumlah Ekspor Total	Importo totale dell'esportazione	輸出総額	បរិមាណនាំចេញសរុប	ಒಟ್ಟು ರಫ್ತು ಮೊತ್ತ	총 수출금액	ຈໍານວນການສົ່ງອອກທັງຫມົດ	Kopējā eksporta summa	Jumlah Amaun Eksport	Totaal exportbedrag	Całkowita kwota eksportu	Valor total de exportação	Общая сумма экспорта	ปริมาณการส่งออกทั้งหมด	Toplam İhracat Tutarı	Загальна сума експорту	出口总额
general	defective_volume	Defective Volume	Khối lượng Dạt	حجم معيب	Vadný svazek	Defektes Volumen	Ελαττωματικός όγκος	Volumen defectuoso	Defektne helitugevus	Viallinen äänenvoimakkuus	Volume défectueux	दोषपूर्ण वॉल्यूम	Volume Rusak	Volume difettoso	欠陥のあるボリューム	កម្រិតសំឡេងខូច	ದೋಷಯುಕ್ತ ಪರಿಮಾಣ	불량량	ປະລິມານທີ່ຜິດປົກກະຕິ	Bojāts skaļums	Kelantangan rosak	Defect volume	Wadliwy wolumen	Volume defeituoso	Дефектный том	ปริมาณที่มีข้อบกพร่อง	Arızalı Hacim	Несправний том	不良卷
general	total_defective_amount	Total Defective Amount	Tổng tiền Dạt	إجمالي المبلغ المعيب	Celková vadná částka	Gesamtfehlerbetrag	Συνολικό ελαττωματικό ποσό	Monto total defectuoso	Puuduste kogusumma	Viallinen kokonaismäärä	Montant total défectueux	कुल दोषपूर्ण राशि	Jumlah Total Cacat	Importo totale difettoso	不良品総額	ចំនួនសរុបដែលខូច	ಒಟ್ಟು ದೋಷಪೂರಿತ ಮೊತ್ತ	총 불량량	ຈໍານວນຂໍ້ບົກພ່ອງທັງຫມົດ	Kopējā defektīvā summa	Jumlah Jumlah Kerosakan	Totaal defect bedrag	Całkowita kwota wadliwa	Quantidade total defeituosa	Общая сумма дефектов	จำนวนข้อบกพร่องทั้งหมด	Toplam Arıza Tutarı	Загальна кількість дефектів	不良品总量
general	bulk_volume	Bulk Volume	Khối lượng Xá	حجم السائبة	Hromadný objem	Massenvolumen	Μαζικός όγκος	Volumen a granel	Hulgi maht	Bulk Volume	Volume en vrac	थोक मात्रा	Volume Massal	Volume di massa	バルクボリューム	បរិមាណច្រើន	ಬೃಹತ್ ಪರಿಮಾಣ	대량 볼륨	ປະລິມານຫຼາຍ	Lielapjoma apjoms	Kelantangan Pukal	Bulkvolume	Objętość zbiorcza	Volume em massa	Массовый объем	ปริมาณมาก	Toplu Hacim	Насипний обсяг	散装体积
general	total_bulk_amount	Total Bulk Amount	Tổng tiền Xá	إجمالي المبلغ السائب	Celková hromadná částka	Gesamtsummenmenge	Συνολικό Μαζικό Ποσό	Cantidad total a granel	Kogumaht	Kokonaismäärä	Montant total en vrac	कुल थोक राशि	Jumlah Jumlah Massal	Importo totale in blocco	合計バルク量	បរិមាណសរុប	ಒಟ್ಟು ಬೃಹತ್ ಮೊತ್ತ	총 대량 금액	ຈຳນວນທັງໝົດ	Kopējā lielapjoma summa	Jumlah Jumlah Pukal	Totaal bulkbedrag	Całkowita ilość zbiorcza	Quantidade total em massa	Общая сумма	จำนวนเงินรวมทั้งหมด	Toplam Toplu Tutar	Загальна оптова кількість	散装总量
general	total_depreciation	Total Depreciation	Tổng khấu hao	إجمالي الاستهلاك	Celkové odpisy	Gesamtabschreibung	Συνολικές αποσβέσεις	Depreciación total	Kogukulum	Kokonaispoistot	Amortissement total	कुल मूल्यह्रास	Total Penyusutan	Ammortamento totale	減価償却費総額	រំលោះសរុប	ಒಟ್ಟು ಸವಕಳಿ	감가상각총액	ຄ່າເສື່ອມລາຄາທັງໝົດ	Kopējais nolietojums	Jumlah Susut Nilai	Totale afschrijving	Całkowita amortyzacja	Depreciação total	Общая амортизация	ค่าเสื่อมราคารวม	Toplam Amortisman	Загальна амортизація	总折旧
general	average_price	Average Price	Giá TB	متوسط ​​السعر	Průměrná cena	Durchschnittspreis	Μέση Τιμή	Precio medio	Keskmine hind	Keskihinta	Prix ​​moyen	औसत कीमत	Harga Rata-Rata	Prezzo medio	平均価格	តម្លៃមធ្យម	ಸರಾಸರಿ ಬೆಲೆ	평균 가격	ລາຄາສະເລ່ຍ	Vidējā cena	Harga Purata	Gemiddelde prijs	Średnia cena	Preço médio	Средняя цена	ราคาเฉลี่ย	Ortalama Fiyat	Середня ціна	平均价格
general	enter_weight	Enter weight	Nhập trọng lượng	أدخل الوزن	Zadejte hmotnost	Gewicht eingeben	Εισαγάγετε βάρος	Introducir peso	Sisestage kaal	Syötä paino	Entrez le poids	वज़न दर्ज करें	Masukkan berat badan	Inserisci il peso	体重を入力してください	បញ្ចូលទម្ងន់	ತೂಕವನ್ನು ನಮೂದಿಸಿ	체중을 입력하세요	ໃສ່ນ້ຳໜັກ	Ievadiet svaru	Masukkan berat	Gewicht invoeren	Wprowadź wagę	Insira o peso	Введите вес	ใส่น้ำหนัก	Ağırlığı girin	Введіть вагу	输入体重
actions	add	Add	Thêm	يضيف	Přidat	Hinzufügen	Προσθέτω	Agregar	Lisa	Lisätä	Ajouter	जोड़ना	Menambahkan	Aggiungere	追加	បន្ថែម	ಸೇರಿಸಿ	추가하다	ເພີ່ມ	Pievienot	Tambah	Toevoegen	Dodać	Adicionar	Добавлять	เพิ่ม	Eklemek	додати	添加
general	enter_info	Enter information	Nhập thông tin	أدخل المعلومات	Zadejte informace	Geben Sie Informationen ein	Εισαγάγετε πληροφορίες	Introduce la información	Sisestage teave	Anna tiedot	Entrez les informations	जानकारी दर्ज करें	Masukkan informasi	Inserisci le informazioni	情報を入力してください	បញ្ចូលព័ត៌មាន	ಮಾಹಿತಿಯನ್ನು ನಮೂದಿಸಿ	정보를 입력하세요	ໃສ່ຂໍ້ມູນ	Ievadiet informāciju	Masukkan maklumat	Voer informatie in	Wprowadź informacje	Insira informações	Введите информацию	ป้อนข้อมูล	Bilgileri girin	Введіть інформацію	输入信息
general	crateID	Crate ID	Mã ky	معرف الصندوق	ID přepravky	Kisten-ID	Ταυτότητα κιβωτίου	ID de caja	Kasti ID	Laatikon tunnus	ID de caisse	टोकरा आईडी	ID peti	ID della cassa	クレートID	លេខសម្គាល់ប្រអប់	ಕ್ರೇಟ್ ಐಡಿ	상자 ID	Crate ID	Kastes ID	ID peti	Krat-ID	Identyfikator skrzynki	ID da caixa	Идентификатор ящика	รหัสลัง	Sandık Kimliği	ID ящика	板条箱 ID
general	vibrate_5_crates	Vibrate when 5 crates entered	Rung báo đủ 5 ky	يهتز عند دخول 5 صناديق	Vibrovat, když vstoupí 5 přepravek	Vibrieren, wenn 5 Kisten betreten werden	Δόνηση όταν μπαίνουν 5 κιβώτια	Vibrar cuando entraron 5 cajas.	Vibreerige, kui siseneb 5 kasti	Värinä, kun sisään tulee 5 laatikkoa	Vibrer lorsque 5 caisses sont entrées	जब 5 टोकरे प्रवेश करें तो कंपन करें	Bergetar ketika 5 peti masuk	Vibra quando entrano 5 casse	5個の箱が入ると振動します	ញ័រនៅពេលប្រអប់ 5 ចូល	5 ಕ್ರೇಟ್‌ಗಳು ಪ್ರವೇಶಿಸಿದಾಗ ಕಂಪಿಸುತ್ತದೆ	상자 5개 진입 시 진동	ສັ່ນເມື່ອ 5 ກ່ອງເຂົ້າ	Vibrējiet, kad ienāk 5 kastes	Bergetar apabila 5 peti masuk	Trillen als er 5 kratten binnenkomen	Wibracja po wejściu do 5 skrzynek	Vibrar quando 5 caixas entrarem	Вибрировать, когда вошли 5 ящиков	สั่นเมื่อใส่ 5 ลัง	5 sandık girildiğinde titret	Вібрувати, коли ввійшли 5 ящиків	当 5 个箱子进入时振动
general	auto_add	Auto Add	Tự động thêm	إضافة تلقائية	Automatické přidání	Automatisch hinzufügen	Αυτόματη προσθήκη	Agregar automáticamente	Automaatne lisamine	Automaattinen lisäys	Ajout automatique	स्वतः जोड़ें	Tambah Otomatis	Aggiunta automatica	自動追加	បន្ថែមដោយស្វ័យប្រវត្តិ	ಸ್ವಯಂ ಸೇರಿಸಿ	자동 추가	ເພີ່ມອັດຕະໂນມັດ	Automātiska pievienošana	Auto Tambah	Automatisch toevoegen	Automatyczne dodawanie	Adicionar automaticamente	Автоматическое добавление	เพิ่มอัตโนมัติ	Otomatik Ekle	Автоматичне додавання	自动添加
general	two_digits	When 2 digits reached	Nhập đủ 2 số	عند الوصول إلى رقمين	Po dosažení 2 číslic	Wenn 2 Ziffern erreicht sind	Όταν φτάσουν τα 2 ψηφία	Cuando se alcanzaron 2 dígitos	Kui 2 numbrit on täis	Kun 2 numeroa on saavutettu	Lorsque 2 chiffres sont atteints	जब 2 अंक पहुंचे	Ketika 2 digit tercapai	Quando vengono raggiunte 2 cifre	2桁になったとき	នៅពេលដែល 2 ខ្ទង់ឈានដល់	2 ಅಂಕೆಗಳನ್ನು ತಲುಪಿದಾಗ	2자리 도달 시	ເມື່ອຮອດ 2 ຕົວເລກ	Kad sasniegti 2 cipari	Apabila 2 digit dicapai	Wanneer 2 cijfers bereikt zijn	Kiedy osiągnięto 2 cyfry	Quando 2 dígitos atingiram	Когда 2 цифры достигли	เมื่อครบ 2 หลักแล้ว	2 haneye ulaşıldığında	Коли досягнуто 2 цифри	当达到2位数时
general	three_digits	When 3 digits reached	Nhập đủ 3 số	عندما تصل إلى 3 أرقام	Po dosažení 3 číslic	Wenn 3 Ziffern erreicht sind	Όταν φτάσουν τα 3 ψηφία	Cuando se alcanzaron los 3 dígitos	Kui 3 numbrit on täis	Kun 3 numeroa on saavutettu	Lorsque 3 chiffres sont atteints	जब 3 अंक पहुंचे	Ketika 3 digit tercapai	Quando si raggiungono le 3 cifre	3桁になったとき	នៅពេលដែល 3 ខ្ទង់ឈានដល់	3 ಅಂಕೆಗಳನ್ನು ತಲುಪಿದಾಗ	3자리 도달 시	ເມື່ອຮອດ 3 ຕົວເລກ	Kad sasniegti 3 cipari	Apabila 3 digit dicapai	Wanneer 3 cijfers bereikt	Kiedy osiągnięto 3 cyfry	Quando 3 dígitos atingirem	Когда 3 цифры достигли	เมื่อครบ 3 หลักแล้ว	3 haneye ulaşıldığında	Коли досягнуто 3 цифри	当达到3位数时
general	total_crate	Total Crate	Tổng ky	إجمالي الصندوق	Celková přepravka	Totale Kiste	Συνολικό Κλουβί	Caja total	Kokku aedik	Koko laatikko	Caisse totale	कुल टोकरा	Jumlah Peti	Cassa totale	トータルクレート	ធុងសរុប	ಒಟ್ಟು ಕ್ರೇಟ್	총 상자	ກ່ອງທັງໝົດ	Kopējā kaste	Jumlah Peti	Totaal krat	Całkowita skrzynia	Caixa Total	Общий ящик	รวมลัง	Toplam Sandık	Total Crate	总板条箱
actions	start	Start	Bắt đầu	يبدأ	Start	Start	Αρχή	Comenzar	Alusta	Aloita	Commencer	शुरू	Awal	Inizio	始める	ចាប់ផ្តើម	ಪ್ರಾರಂಭಿಸಿ	시작	ເລີ່ມ	Sākt	Mulakan	Begin	Start	Começar	Начинать	เริ่ม	Başlangıç	Почніть	开始