Text Key	Base(en)	Arabic (ar)	Czech (cs)	German (de)	Greek (el)	Spanish (es)	Estonian (et)	Finnish (fi)	French (fr)	Hindi (hi)	Indonesian (id)	Italian (it)	Japanese (ja)	Khmer (km)	Kannada (kn)	Korean (ko)	Lao (lo)	Latvian (lv)	Malay (ms)	Dutch (nl)	Polish (pl)	Portuguese (pt-PT)	Russian (ru)	Thai (th)	Turkish (tr)	Ukrainian (uk)	Chinese (zh-Hans)	Vietnamese (vi)
cancel	Cancel	يلغي	zrušení	Stornieren	Ματαίωση	Cancelar	Tühistama	Peruuttaa	Annuler	रद्द करना	Membatalkan	Annulla	キャンセル	លប់ចោល	ರದ್ದುಮಾಡು	취소	ຍົກເລີກ	Atcelt	Batalkan	Annuleren	Anulować	Cancelar	Отмена	ยกเลิก	İptal etmek	Скасувати	取消	Hủy bỏ
done	Done	منتهي	Hotovo	Erledigt	Εγινε	Hecho	Tehtud	Tehty	Fait	हो गया	Selesai	Fatto	終わり	រ្យេឱដេនោ	ಮುಗಿದ	완료	ແລ້ວ? ແລ້ວ	Darīts	Selesai	Klaar	Zrobione	Feito	Сделанный	เสร็จแล้ว	Tamamlamak	Зроблений	完毕	Xong
send	Send	يرسل	Poslat	Schicken	Στείλετε	Enviar	Saada	Lähettää	Envoyer	भेजना	Mengirim	Inviare	送信	ផ្ញើរ	ಕಳುಹಿಸು	보내다	ສົ່ງ	Nosūtīt	Hantar	Versturen	Wysłać	Enviar	Отправлять	ส่ง	Göndermek	Надсилати	发送	Gửi
ok	OK	نعم	OK	OK	Εντάξει	DE ACUERDO	Okei	Hyvä	D'ACCORD	ठीक है	OKE	OK	わかりました	យល់ព្រម	ಸರಿ	좋아요	ຕົກ​ລົງ	labi	okey	OK	OK	OK	ХОРОШО	ตกลง	TAMAM	в порядку	好的	Đồng ý
edit	Edit	يحرر	Upravit	Bearbeiten	Επεξεργασία	Editar	Redigeerima	Muokata	Modifier	संपादन करना	Edit	Modificare	編集	បិនិត្យ	ತಿದ್ದು	편집하다	ແກ້ໄຂ	Rediģēt	Edit	Bewerking	Edytować	Editar	Редактировать	แก้ไข	Düzenlemek	Редагувати	编辑	Chỉnh sửa
select	Select	يختار	Vybrat	Wählen	Επιλέγω	Seleccionar	Valima	Valita	Sélectionner	चुनना	Pilih	Selezionare	選択する	រេចីសរើស	ಆಯ್ಕೆ ಮಾಡಿ	선택하다	ເລືອກ	Atlasīt	Pilih	Uitkiezen	Wybierać	Selecione	Выбирать	เลือก	Seçme	Обраний	选择	Chọn
selected	Selected	المحدد	Vybraný	Ausgewählt	Επιλεγμένος	Seleccionado	Valitud	Valittu	Choisi	चयनित	Terpilih	Selezionato	選択	បានជ្រើស	ಆಯ್ದ	선택된	ຄັດເລືອກ	Atlasīts	Dipilih	Geselecteerd	Wybrany	Selecionado	Выбран	ที่เลือก	Seçilmiş	Обраний	选定	Đã chọn
delete	Delete	يمسح	Vymazat	Löschen	Διαγράφω	Borrar	Kustutama	Poistaa	Supprimer	मिटाना	Menghapus	Eliminare	消去	របៅបេលរសច	ಅಳಿಸು	삭제	ລົບ	Dzēst	Padam	Verwijderen	Usuwać	Excluir	Удалить	ลบ	Silmek	Видаляти	删除	Xóa
share	Share	يشارك	Podíl	Aktie	Μερίδιο	Compartir	Osakaal	Jaa	Partager	शेयर करना	Membagikan	Condividere	共有	ការរមលេក	ಹಂಚು	공유하다	ສ່ວນ	Akcija	Berkongsi	Deel	Udział	Compartilhar	Делиться	แบ่งปัน	Paylaşmak	Розподіляти	分享	Chia sẻ
completed	Completed!	مكتمل!	Dokončené!	Vollendet!	Ολοκληρώθηκε το!	¡Terminado!	Valmis!	Valmis!	Complété!	पुरा होना!	Lengkap!	Completato!	完成！	បានបញ្ចប់!	ಪೂರ್ಣಗೊಂಡಿದೆ!	완전한!	ສໍາເລັດ!	Pabeigts!	Selesai!	Voltooid!	Zakończony!	Concluído!	Завершенный!	สมบูรณ์!	Tamamlanmış!	Завершено!	完全的！	Hoàn thành!
error	Error!	خطأ!	Chyba!	Fehler!	Λάθος!	¡Error!	Viga!	Virhe!	Erreur!	गलती!	Kesalahan!	Errore!	エラー！	កំហុស!	ದೋಷ!	오류!	ຂໍ້ຜິດພາດ!	Kļūda!	Ralat!	Fout!	Błąd!	Erro!	Ошибка!	ข้อผิดพลาด!	Hata!	Помилка!	错误！	Lỗi!
search	Search	يبحث	Vyhledávání	Suchen	Αναζήτηση	Buscar	Otsing	Hae	Recherche	खोज	Mencari	Ricerca	検索	ការឆេកឆេ	ಹುಡುಕಿ Kannada	찾다	ຄົ້ນຫາ	Meklēt	Cari	Zoekopdracht	Szukaj	Procurar	Поиск	ค้นหา	Aramak	Обшук	搜索	Tìm kiếm
settings	Settings	إعدادات	Nastavení	Einstellungen	Ρυθμίσεις	Ajustes	Sätted	asetukset	Paramètres	समायोजन	Pengaturan	Impostazioni	設定	ការកំណត់	ಸಂಯೋಜನೆಗಳು	설정	ການກໍານົດ	Iestatījumi	Tetapan	Instellingen	Ustawienia	Configurações	Настройки	การตั้งค่า	Ayarlar	Налаштування	设置	Cài đặt
version	Version	إصدار	Verze	Ausführung	Εκδοχή	Versión	Versioon	Versio	Version	संस्करण	Versi: kapan	Versione	バージョン	កមបុរក្នា	ಆವೃತ್ತಿ	버전	ສະບັບ	Versija	Versi	Versie	Wersja	Versão	Версия	รุ่น	Versiyon	Версія	版本	Phiên bản
password	Password	كلمة المرور	Heslo	Passwort	Κωδικός πρόσβασης	Contraseña	Parool	Salasana	Mot de passe	पासवर्ड	Kata sandi	Parola d'ordine	パスワード	ហក្យសមងាត់	ಗುಪ್ತಪದ	비밀번호	ລະຫັດຜ່ານ	Parole	Kata laluan	Wachtwoord	Hasło	Senha	Пароль	รหัสผ่าน	Şifre	Пароль	密码	Mật khẩu
noResult	No results	لا نتائج	Žádné výsledky	Keine Ergebnisse	Χωρίς αποτέλεσμα	No hay resultados	Tulemused puuduvad	Ei tuloksia	Aucun résultat	कोई परिणाम नहीं	Tidak ada hasil	Nessun risultato	結果がありません	គ្មាន​លទ្ធផល	ಫಲಿತಾಂಶಗಳಿಲ್ಲ	결과가 없습니다	ບໍ່ມີຜົນໄດ້ຮັບ	Nav rezultātu	Tiada keputusan	Geen resultaten	Brak wyników	Sem resultados	Без результатов	ไม่มีผลลัพธ์	Sonuç yok	Немає результатів	没有结果	Không có kết quả
forString	for	ل	pro	für	Για	para	jaoks	puolesta	pour	के लिए	untuk	per	のために	សរមាប់	ಇದಕ್ಕೆ	~을 위한	ສໍາລັບ	priekš	untuk	voor	Do	para	для	สำหรับ	için	для	为了	cho
phone	Phone	هاتف	Telefon	Telefon	Τηλέφωνο	Teléfono	Telefon	Puhelin	Téléphone	फ़ोन	Telepon	Telefono	電話	ទូរស័ព្ទ	ದೂರವಾಣಿ	핸드폰	ໂທລະສັບ	Telefons	Telefon	Telefoon	Telefon	Telefone	Телефон	โทรศัพท์	Telefon	Телефон	电话	Điện thoại
other	Other	آخر	jiný	Andere	Αλλα	Otro	Teine	Muut	Autre	अन्य	Lainnya	Altro	他の	ផ្សេងទៀត	ಬೇರೆ	다른	ອື່ນ	Cits	Yang lain	Ander	Inny	Outro	Другой	อื่น	Diğer	Інший	其他	Khác
home	Home	بيت	Domov	Heim	Σπίτι	Hogar	Kodu	Koti	Maison	घर	Rumah	Casa	家	ផ្ទហ	ಮನೆ	집	ບ້ານ	Mājas	Rumah	Thuis	Dom	Lar	Дом	บ้าน	Ev	Домашній	家	Trang chủ
restorePurchase	Restore Purchase	استعادة شراء	Obnovit nákup	Kauf wiederherstellen	Επαναφορά αγοράς	Compra de restauración	Ostu taastamine	Palauta osto	Restaurer l'achat	पुनःस्थापन क्रय	Kembalikan pembelian	Ripristinare acquisto	購入商品を復元する	ស្តា​រ​ការ​ទិញ	ಖರೀದಿಯನ್ನು ಮರುಸ್ಥಾಪಿಸಿ	구매를 복원하십시오	ຟື້ນຟູການຊື້	Atjaunot pirkumu	Memulihkan pembelian	Herstel aankoop	Przywróć zakup	Restaurar compra	Восстановить покупку	กู้คืนการซื้อ	Satın Alma Geri Yükle	Відновити придбання	恢复购买	Khôi phục mua hàng
feedback	Feedback	تعليق	Zpětná vazba	Rückmeldung	Ανατροφοδότηση	Comentario	Tagasiside	Palaute	Retour	प्रतिक्रिया	Masukan	Feedback	フィードバック	មតិប្រតិកម្ម	ಪ್ರತಿಕ್ರಿಯೆ	피드백	ຄໍາຕິຊົມ	Atsauksmes	Maklum balas	Feedback	Informacja zwrotna	Opinião	Обратная связь	ข้อเสนอแนะ	Geri bildirim	Зворотний зв'язок	反馈	Phản hồi
shareApp	Share	يشارك	Podíl	Aktie	Μερίδιο	Compartir	Osakaal	Jaa	Partager	शेयर करना	Membagikan	Condividere	共有	ការរមលេក	ಹಂಚು	공유하다	ສ່ວນ	Akcija	Berkongsi	Deel	Udział	Compartilhar	Делиться	แบ่งปัน	Paylaşmak	Розподіляти	分享	Chia sẻ
rateAndReview	Rate ______ Review	مراجعة معدل	Sazba a recenze	Rate ______ Review	Βαθμολογία ______ κριτική	Revisión de tasas	Hindama ja ülevaade	Arviointi ja arviointi	Tarif et examen	दर और समीक्षा	Nilai ______ Ulasan	Tariffa e revisione	レートとレビュー	អត្រានិងការត្រួតពិនិត្យ	ದರ ಮತ್ತು ವಿಮರ್ಶೆ	속도 및 검토	ອັດຕາແລະການທົບທວນ	Likme un pārskats	Kadar ______ Kajian	Tarief ______ beoordeling	Stawka i przegląd	Taxa e revisão	Скорость и обзор	ให้คะแนนและทบทวน	Oran incelemesi	Цінність та огляд	费率和评论	Nhận xét ______ Đánh giá
term	Terms and Conditions	الأحكام والشروط	Pravidla a podmínky	Geschäftsbedingungen	Οροι και Προϋποθέσεις	Términos y condiciones	Tingimused	Käyttöehdot	Termes et conditions	नियम और शर्तें	syarat dan Ketentuan	Termini e Condizioni	利用規約	ល័ក្ខខ័ណ្ឌ	ನಿಯಮಗಳು ಮತ್ತು ಷರತ್ತುಗಳು	이용 약관	ຂໍ້ກໍານົດແລະເງື່ອນໄຂ	Noteikumi un nosacījumi	Terma dan syarat	Voorwaarden	Regulamin	Termos e Condições	Условия и положения	ข้อกำหนดและเงื่อนไข	Şartlar ve koşullar	Правила та умови	条款和条件	Các điều khoản và điều kiện
policy	Privacy Policy	سياسة الخصوصية	Zásady ochrany osobních údajů	Datenschutzrichtlinie	Πολιτική απορρήτου	política de privacidad	Privaatsuspoliitika	Tietosuojakäytäntö	politique de confidentialité	गोपनीयता नीति	Kebijakan pribadi	politica sulla riservatezza	プライバシーポリシー	គោលការណ៍​ភាព​ឯកជន	ಗೌಪ್ಯತಾ ನೀತಿ	개인 정보 정책	ນະໂຍບາຍຄວາມເປັນສ່ວນຕົວ	Privātuma politika	Dasar Privasi	Privacybeleid	Polityka prywatności	política de Privacidade	политика конфиденциальности	นโยบายความเป็นส่วนตัว	Gizlilik Politikası	Політика конфіденційності	隐私政策	Chính sách bảo mật
darkMode	Dark Mode	الوضع المظلم	Tmavý režim	Dunkler Modus	Σκούρα λειτουργία	Modo oscuro	Tume režiim	Tumma tila	Mode sombre	डार्क मोड	Mode gelap	Modalità scura	ダークモード	របៀបងងឹត	ಕತ್ತಲೆ ಕ್ರಮ	다크 모드	ຮູບແບບຊ້ໍາ	Tumšais režīms	Mod gelap	Donkere modus	Tryb ciemny	Modo escuro	Темный режим	โหมดมืด	Karanlık mod	Темний режим	黑暗模式	Chế độ tối
languages	Languages	اللغات	Jazyky	Sprachen	Γλώσσες	Lenguas	Keeled	Kieli (kielet	Langues	बोली	Bahasa	Le lingue	言語	បដា	ಭಾಷೆಗಳ	언어	ພາສາ	Valodas	Bahasa	Talen	Języki	línguas	Языки	ภาษา	Diller	Мови	语言	Ngôn ngữ
english	English	إنجليزي	Angličtina	Englisch	Αγγλικά	Inglés	Inglise	Englanti	Anglais	अंग्रेज़ी	Bahasa inggris	Inglese	英語	អាលេវីម	ಆಂಗ್ಲ	영어	ພາສາອັງກິດ	Angļu	Bahasa Inggeris	Engels	język angielski	Inglês	Английский	ภาษาอังกฤษ	İngilizce	Англійська мова	英语	Tiếng Anh
vietnamese	Vietnamese	الفيتنامي	vietnamština	Vietnamesisch	Βιετναμέζος	vietnamita	Vietnamlane	vietnam	vietnamien	वियतनामी	Orang Vietnam	vietnamita	ベトナム人	ជនជាតិវៀតណាម	ವಿಯೆಟ್ನಾಂ	베트남어	ໄທຍວນ	Vjetnamietis	Vietnam	Vietnamees	wietnamski	vietnamita	вьетнамский	เวียดนาม	Vietnam	В'єтнамський	越南人	Tiếng Việt
continueButton	Continue	يكمل	Pokračovat	Weitermachen	Να συνεχίσει	Continuar	Jätkuma	Jatkaa	Continuer	जारी रखना	Melanjutkan	Continua	続く	បន្ដ	ಮುಂದುವರಿಸು	계속하다	ດໍາເນີນຕໍ່ໄປ	Turpināt	Teruskan	Doorgaan	Kontynuować	Continuar	Продолжать	ดำเนินการต่อ	Devam etmek	Продовжувати	继续	Tiếp tục
success	success	نجاح	úspěch	Erfolg	επιτυχία	éxito	edu	menestys	succès	सफलता	kesuksesan	successo	成功	ចោកច័យ	ಯಶಸ್ಸು	성공	ຄວາມ​ສໍາ​ເລັດ	panākums	kejayaan	succes	powodzenie	sucesso	успех	ความสำเร็จ	başarı	успіх	成功	thành công
somethingWentWrong	Something went wrong!	هناك خطأ ما!	Něco se pokazilo!	Etwas ist schief gelaufen!	Κάτι πήγε στραβά!	¡Algo salió mal!	Midagi läks valesti!	Jotain meni pieleen!	Quelque chose s'est mal passé!	कुछ गलत हो गया!	Ada yang salah!	Qualcosa è andato storto!	何かがうまくいかなかった！	មាន​អ្វីមួយ​មិន​ប្រក្រតី!	ಏನೋ ತಪ್ಪಾಗಿದೆ!	뭔가 잘못되었습니다!	ມີບາງສິ່ງບາງຢ່າງຜິດພາດ!	Kaut kas nogāja greizi!	Ada yang tidak kena!	Er is iets fout gegaan!	Coś poszło nie tak!	Algo deu errado!	Что-то пошло не так!	บางอย่างผิดพลาด!	Bir şeyler yanlış gitti!	Щось пішло не так!	出了些问题！	Đã có lỗi xảy ra!
pleaseTryAgain	Please try again	حاول مرة اخرى	Prosím zkuste to znovu	Bitte versuche es erneut	ΠΑΡΑΚΑΛΩ προσπαθησε ξανα	Inténtalo de nuevo	Palun proovi uuesti	Yritä uudelleen	Veuillez réessayer	कृपया पुन: प्रयास करें	Silakan coba lagi	Per favore riprova	もう一度やり直してください	សូម​ព្យាយាម​ម្តង​ទៀត	ದಯವಿಟ್ಟು ಪುನಃ ಪ್ರಯತ್ನಿಸಿ	다시 시도하십시오	ກະລຸນາລອງໃຫມ່ອີກຄັ້ງ	Lūdzu mēģiniet vēlreiz	Sila cuba lagi	Probeer het opnieuw	Proszę spróbuj ponownie	Por favor, tente novamente	Пожалуйста, попробуйте еще раз	กรุณาลองอีกครั้ง	Lütfen tekrar deneyin	Будь ласка спробуйте ще раз	请再试一次	Vui lòng thử lại
Free	Free	حر	Volný, uvolnit	Frei	Ελεύθερος	Gratis	Vaba	Vapaa	Gratuit	मुक्त	Bebas	Gratuito	無料	ដេលមានសេរីផាប	ಸ್ವಾರಸ್ಯವಾದ	무료	ອິດສະລະ	Brīvs	Percuma	Vrij	Bezpłatny	Livre	Бесплатно	ฟรี	Özgür	Безкоштовний	自由的	Miễn phí
Premium	Premium	غالي	Pojistné	Prämie	Ασφάλιστρο	De primera calidad	Preemia	Palkkio	Prime	अधिमूल्य	Premium	Premium	プレミアム	បុព្វលាច	ಪ್ರಬಲ	프리미엄	ເບັ້ຽກັນ	Prēmija	Premium	Premie	Premia	Prêmio	Премиум	พรีเมี่ยม	Ödül	Премія	优质的	Cao cấp
Restore	Restore	يعيد	Obnovit	Wiederherstellen	Επαναφέρω	Restaurar	Taastama	Palauttaa	Restaurer	पुनर्स्थापित करना	Memulihkan	Ristabilire	復元する	ចយសចុល	ಪುನಃಸ್ಥಾಪಿಸು	복원하다	ຟື້ນຟູ	Atjaunot	Pulihkan	Herstellen	Przywrócić	Restaurar	Восстановить	คืนค่า	Eski haline getirmek	Відновлення	恢复	Khôi phục
Unlimited	Unlimited	غير محدود	Neomezený	Unbegrenzt	Απεριόριστος	Ilimitado	Piiramatu	Rajoittamaton	Illimité	असीमित	Tak terbatas	Illimitato	無制限	គ្មានដែនកំណត់	ಅನಿಯಮಿತ	제한 없는	ບໍ່ຈໍາກັດ	Neierobežots	Tidak terhad	Onbeperkt	Nieograniczony	Ilimitado	Неограниченный	ไม่ จำกัด	Sınırsız	Необмежений	无限	Vô hạn
Advertisements	Advertisements	الإعلانات	Reklamy	Anzeige	Διαφημίσεις	Anuncios	Reklaamid	Mainokset	Annonces	विज्ञापनों	Iklan	Annunci	広告	ការផ្សាយពាណិជ្ជកម្ម	ಜಾಹೀರಾತುಗಳು	광고	ການໂຄສະນາ	Sludinājumi	Iklan	Advertenties	Reklamy	Anúncios	Рекламные объявления	โฆษณา	Reklamlar	Реклама	广告	Quảng cáo
WelcomeBack	Welcome Back!	مرحبًا بعودتك!	Vítej zpět!	Willkommen zurück!	Καλως ορισες πισω!	¡Bienvenido de nuevo!	Tere tulemast tagasi!	Tervetuloa takaisin!	Content de te revoir!	वापसी पर स्वागत है!	Selamat Datang kembali!	Bentornato!	おかえり！	ស្វា​គម​ន៏​ការ​ត្រ​លប់​មក​វិញ!	ಮರಳಿ ಸ್ವಾಗತ!	다시 오신 것을 환영합니다!	ຍິນ​ດີ​ຕ້ອນ​ຮັບ​ກັບ!	Laipni lūdzam atpakaļ!	Selamat kembali!	Welkom terug!	Witamy spowrotem!	Bem vindo de volta!	Добро пожаловать!	ยินดีต้อนรับกลับ!	Tekrar hoşgeldiniz!	З поверненням!	欢迎回来！	Chào mừng trở lại!
letStart	Let's Start	لنبدأ	Začněme	Lasst uns beginnen	Ας αρχίσουμε	Empecemos	Alustame	Aloitetaan	Commençons	चलो शुरू करो	Ayo mulai	Iniziamo	はじめましょう	តោះ​ចាប់​ផ្ដើម	ಪ್ರಾರಂಭಿಸೋಣ	시작하자	ໃຫ້ເລີ່ມຕົ້ນ	Sāksim	Mari mulakan	Laten we beginnen	Zaczynajmy	Vamos começar	Давайте начнем	เริ่มกันเลย	Hadi başlayalım	Давайте розпочнемо	开始吧	Hãy bắt đầu
at	at	في	na	bei	στο	en	juures	at	à	पर	pada	A	で	ក្នុង	ಬಳಿಗೆ	~에	ທີ່	pie	pada	bij	Na	no	в	ที่	-den	в	在	lúc
enterLanguage	Enter your language	أدخل لغتك	Zadejte svůj jazyk	Geben Sie Ihre Sprache ein	Εισαγάγετε τη γλώσσα σας	Ingrese su idioma	Sisestage oma keel	Kirjoita kielesi	Entrez votre langue	अपनी भाषा दर्ज करें	Masukkan bahasa Anda	Inserisci la tua lingua	あなたの言語を入力してください	បញ្ចូលភាសារបស់អ្នក	ನಿಮ್ಮ ಭಾಷೆಯನ್ನು ನಮೂದಿಸಿ	언어를 입력하십시오	ກະລຸນາໃສ່ພາສາຂອງທ່ານ	Ievadiet savu valodu	Masukkan bahasa anda	Voer uw taal in	Wprowadź swój język	Digite seu idioma	Введите свой язык	ป้อนภาษาของคุณ	Dilinizi girin	Введіть свою мову	输入您的语言	Nhập ngôn ngữ của bạn
all	All	الجميع	Všechno	Alle	Ολα	Todo	Kõik	Kaikki	Tous	सभी	Semua	Tutto	全て	តាមងអស់	ಎಲ್ಲರೂ	모두	ທັງຫມົດ	Viss	Semua	Alle	Wszystko	Todos	Все	ทั้งหมด	Tüm	Все	全部	Tất cả
closeAll	Close all	أغلق كل شيء	Zavřete všechny	Alle schließen	Κλείσ'τα όλα	Cierra todo	Sulgege kõik	Sulje kaikki	Ferme tout	सब बंद करें	Tutup semua	Chiudi tutto	すべてを閉じます	បិទទាំងអស់	ಎಲ್ಲವನ್ನು ಮುಚ್ಚಿ	모두 닫으십시오	ປິດທັງຫມົດ	Aizvērt visu	Tutup semua	Sluit alles	Zamknij wszystko	Feche tudo	Закрыть все	ปิดทั้งหมด	Hepsini kapat	Закрити все	关闭所有	Đóng tất cả
download	Download	تحميل	Stažení	Herunterladen	Κατεβάστε	Descargar	Lae alla	ladata	Télécharger	डाउनलोड करना	Unduh	Scaricamento	ダウンロード	របចាបរេកា	ಡೌನ್‌ಲೋಡ್	다운로드	ດາວໂຫລດ	Lejupielādēt	Muat turun	Downloaden	Pobierać	Download	Скачать	การดาวน์โหลด	İndirmek	Завантажувати	下载	Tải xuống
loadingMore	Loading more	تحميل المزيد	Načítání více	Mehr laden	Φόρτωση περισσότερων	Cargando más	Laadige rohkem	Lataamalla enemmän	Chargement plus	अधिक लोड हो रहा है	Memuat lebih banyak	Caricamento di più	もっと読み込みます	កំពុងផ្ទុកកាន់តែច្រើន	ಹೆಚ್ಚು ಲೋಡ್ ಮಾಡಲಾಗುತ್ತಿದೆ	더 많이로드	ກໍາລັງໂຫລດເພີ່ມເຕີມ	Iekraušana vairāk	Memuat lebih banyak	Meer laden	Ładowanie więcej	Carregando mais	Загрузка больше	กำลังโหลดมากขึ้น	Daha fazla yükleme	Завантаження більше	加载更多	Tải thêm
noMoreData	No more data!	لا مزيد من البيانات!	Žádné další data!	Keine Daten mehr!	Δεν υπάρχουν άλλα δεδομένα!	¡No más datos!	Enam pole andmeid!	Ei enää tietoja!	Plus de données!	कोई और डेटा नहीं!	Tidak ada lagi data!	Niente più dati!	これ以上のデータはありません！	គ្មានទិន្នន័យទៀតទេ!	ಹೆಚ್ಚಿನ ಡೇಟಾ ಇಲ್ಲ!	더 이상 데이터가 없습니다!	ບໍ່ມີຂໍ້ມູນອີກຕໍ່ໄປ!	Vairs nav datu!	Tiada lagi data!	Geen gegevens meer!	Brak danych!	Não há mais dados!	Нет больше данных!	ไม่มีข้อมูลเพิ่มเติม!	Artık veri yok!	Більше немає даних!	没有更多数据！	Đã hết dữ liệu!
loading	Loading ...	تحميل ...	Načítání ...	Wird geladen ...	Φόρτωση ...	Cargando ...	Laadimine ...	Ladataan ...	Chargement ...	लोड हो रहा है ...	Memuat ...	Caricamento ...	読み込み...	កំពុងផ្ទុក ...	ಲೋಡ್ ಮಾಡಲಾಗುತ್ತಿದೆ ...	로딩 ...	ກໍາລັງໂຫລດ ...	Iekraušana ...	Memuatkan ...	Bezig met laden ...	Ładowanie ...	Carregando ...	Загрузка ...	กำลังโหลด ...	Yükleniyor ...	Завантаження ...	加载中 ...	Đang tải ...
unknown	Unknown	مجهول	Neznámý	Unbekannt	Αγνωστος	Desconocido	Teadmata	Tuntematon	Inconnu	अज्ञात	Tidak dikenal	Sconosciuto	未知	ដេលមិនស្គាល់	ಅಜ್ಞಾತ	알려지지 않은	ບໍ່ຮູ້	Nezināms	Tidak diketahui	Onbekend	Nieznany	Desconhecido	Неизвестный	ไม่รู้จัก	Bilinmeyen	Невідомий	未知	không xác định
noInternetMessage	Unable to connect to the server. Check your connection and try again.	غير قادر على الاتصال بالخادم. تحقق من اتصالك وحاول مرة أخرى.	Nelze se připojit k serveru. Zkontrolujte své připojení a zkuste to znovu.	Ich kann keine Verbindung zum Server herstellen. Überprüfen Sie Ihre Verbindung und versuchen Sie es erneut.	Δεν είναι δυνατή η σύνδεση στον διακομιστή. Ελέγξτε τη σύνδεσή σας και δοκιμάστε ξανά.	No es posible conectarse al servidor. Revise su conexión y vuelva a intentarlo.	Ei saa serveriga ühendust luua. Kontrollige oma ühendust ja proovige uuesti.	Ei voi muodostaa yhteyttä palvelimeen. Tarkista yhteys ja yritä uudelleen.	Impossible de se connecter au serveur. Vérifiez votre connexion et réessayez.	सर्वर से कनेक्ट करने में अक्षम। अपने कनेक्शन की जाँच करें और फिर से प्रयास करें।	Tidak dapat terhubung ke server. Periksa koneksi Anda dan coba lagi.	Impossibile connettersi al server. Controlla la tua connessione e riprova.	サーバーに接続できません。接続を確認して、再試行してください。	មិនអាចភ្ជាប់ទៅម៉ាស៊ីនមេបានទេ។ ពិនិត្យមើលការភ្ជាប់របស់អ្នកហើយព្យាយាមម្តងទៀត។	ಸರ್ವರ್‌ಗೆ ಸಂಪರ್ಕಿಸಲು ಸಾಧ್ಯವಿಲ್ಲ. ನಿಮ್ಮ ಸಂಪರ್ಕವನ್ನು ಪರಿಶೀಲಿಸಿ ಮತ್ತು ಮತ್ತೆ ಪ್ರಯತ್ನಿಸಿ.	서버에 연결할 수 없습니다. 연결을 확인하고 다시 시도하십시오.	ບໍ່ສາມາດເຊື່ອມຕໍ່ກັບເຊີບເວີໄດ້. ກວດເບິ່ງການເຊື່ອມຕໍ່ຂອງທ່ານແລະລອງໃຫມ່ອີກຄັ້ງ.	Nevar izveidot savienojumu ar serveri. Pārbaudiet savu savienojumu un mēģiniet vēlreiz.	Tidak dapat menyambung ke pelayan. Periksa sambungan anda dan cuba lagi.	Kan niet verbinden met de server. Controleer uw verbinding en probeer het opnieuw.	Nie można połączyć się z serwerem. Sprawdź swoje połączenie i spróbuj ponownie.	Não é possível conectar ao servidor. Verifique sua conexão e tente novamente.	Невозможно подключиться к серверу. Проверьте свое соединение и попробуйте еще раз.	ไม่สามารถเชื่อมต่อกับเซิร์ฟเวอร์ได้ ตรวจสอบการเชื่อมต่อของคุณและลองอีกครั้ง	Sunucuya bağlanılamıyor. Bağlantınızı kontrol edin ve tekrar deneyin.	Неможливо підключитися до сервера. Перевірте своє з'єднання та повторіть спробу.	无法连接到服务器。检查您的连接，然后重试。	Không thể kết nối đến máy chủ. Kiểm tra kết nối của bạn và thử lại.
retry	Retry	إعادة المحاولة	Opakovat	Wiederholen	Ξαναδοκιμάσετε	Rever	Uuesti proovima	Tehdä uudelleen	Recommencez	पुन: प्रयास करें	Mencoba kembali	Riprovare	リトライ	ាប់រេគ្រប់យ៉ាងបី	ಮರುಪ್ರಯತ್ನಿಸಿ	다시 해 보다	ລອງໃຫມ່	Atkārtot	Cuba semula	Opnieuw proberen	Spróbować ponownie	Tente novamente	Повторно	ลองอีกครั้ง	Yeniden yapmak	Повторити	重试	Thử lại
acceptCookie	Accept	يقبل	Akceptovat	Akzeptieren	Αποδέχομαι	Aceptar	Aktsepteerima	Hyväksyä	Accepter	स्वीकार करना	Menerima	Accettare	受け入れる	តតយល	ಒಪ್ಪಿಕೊಳ್ಳಿ	수용하다	ຍອມ​ຮັບ	Pieņemt	Menerima	Aanvaarden	Zaakceptować	Aceitar	Принимать	ยอมรับ	Kabul etmek	Приймати	接受	Chấp nhận
rejectCookie	Decline	انخفاض	Pokles	Abfall	Πτώση	Rechazar	Langus	Heikkeneminen	Déclin	गिरावट	Menolak	Declino	衰退	ការបដិសេធ	ಕ್ಷೀಣತೆ	감소	ຮ່ວງໂຮຍ	Pasliktināšanās	Penurunan	Afwijzen	Spadek	Declínio	Отклонить	ปฏิเสธ	Reddetmek	Зниження	衰退	Từ chối
arabic	Arabic	عربي	arabština	Arabisch	αραβικός	Arábica	Araabia	arabialainen	arabe	अरबी	Arab	Arabo	アラビア語	អារ៉ាប់	ಅರೇಬಿಕ್	아라비아 말	ພາສາອາຣັບ	Arābu	Arab	Arabisch	arabski	árabe	арабский	ภาษาอาหรับ	Arapça	Арабський	阿拉伯	tiếng Ả Rập
ukrainian	Ukrainian	الأوكرانية	ukrajinština	ukrainisch	Ουκρανός	ucranio	Ukraina	Ukrainalainen	ukrainien	यूक्रेनी	Orang Ukraina	ucraino	ウクライナ人	ជនជាតិអ៊ុយក្រែន	ಯುಕೆರಿನ	우크라이나 인	ອູແກຣນ	Ukraiņu	Ukraine	Oekraïens	ukraiński	ucraniano	украинец	ชาวยูเครน	Ukrayna	Український	乌克兰	Tiếng Ukraine
turkish	Turkish	اللغة التركية	turečtina	Türkisch	τούρκικος	turco	Türgi	Turkkilainen	turc	तुर्की	Turki	Turco	トルコ語	ទួរគី	ಟರ್ಕಿಯ	터키	ພາສາຕຸລະກີ	Turku	Turki	Turks	turecki	turco	турецкий	ตุรกี	Türkçe	Турецький	土耳其	Tiếng Thổ Nhĩ Kỳ
thai	Thai	التايلاندية	Thai	Thai	Ταϊλάνδης	tailandés	Tai	Thaimaalainen	thaïlandais	थाई	Thai	tailandese	タイ	ថៃ	ದರ್ಜೆ	태국	ຄົນໄທ	Taizemiete	Thai	Thais	tajski	tailandês	Тайский	แบบไทย	Tayland	Тайський	泰国	Tiếng Thái
spanish	Spanish	الأسبانية	španělština	Spanisch	Ισπανικά	Español	Hispaania keel	Espanja	Espagnol	स्पैनिश	Orang Spanyol	spagnolo	スペイン語	អេស្ប៉ាញ	ಸ್ಪೋರ್ಯ	스페인의	ສະເປນ	Spāņu valoda	Sepanyol	Spaans	hiszpański	Espanhol	испанский	ภาษาสเปน	İspanyol	Іспанська мова	西班牙语	Tiếng Tây Ban Nha
russian	Russian	الروسية	ruština	Russisch	Ρωσική	ruso	Vene	Venäjän kieli	russe	रूसी	Rusia	russo	ロシア	រុស្ស៊ី	ರಷ್ಯಾದ	러시아인	ພາສາລັດເຊຍ	Krievs	Rusia	Russisch	Rosyjski	russo	Русский	ชาวรัสเซีย	Rusça	російський	俄语	tiếng Nga
portuguese	Portuguese	البرتغالية	portugalština	Portugiesisch	Πορτογαλικά	portugués	Portugali keel	Portugalin kieli	Portugais	पुर्तगाली	Portugis	portoghese	ポルトガル語	ព័រទុយហ្កាល់	ಪೋರ್ಚುಗೀಸ್	포르투갈 인	ປອກຕຸຍການ	Portugāļu valoda	Portugis	Portugees	portugalski	Português	португальский	ชาวโปรตุเกส	Portekizce	Португальський	葡萄牙语	Tiếng Bồ Đào Nha
polish	Polish	تلميع	polština	Polieren	Στίλβωση	Polaco	Poola	Kiillottaa	polonais	पोलिश	Polandia	Polacco	研磨	ធេវីអាេយរលោង	ಹೊಳಪು ಕೊಡು	광택	ໂປໂລຍ	Pulēt	Menggilap	Pools	Polski	polonês	Лак	ขัด	Lehçe	Польський	抛光	Tiếng Ba Lan
latvian	Latvian	لاتفيا	lotyšský	lettisch	Λετονική	letón	Läti	Latvialainen	letton	लात्वीयावासी	Latvia	lettone	ラトビアン	ឡាតវីយ៉ា	ಲಾಟ್ವಿಯದ	라트비아 사람	ລັດເວຍ	Latviešu	Latvian	Letland	łotewski	letão	Латышский	เกี่ยวกับลัตเวีย	Letonyalı	Латвійський	拉脱维亚	Tiếng Latvia
lao	Lao	لاو	Lao	Lao	Λάος	Lao	Lao	Lao	Lao	लाओ	Lao	Lao	ラオス	ឡាវ	ಲಾವನ	라오	ພາສາລາວ	Lao	Lao	Lao	Lao	Laos	Лаос	ลาว	Lao	Лао	老挝	Tiếng Lào
malay	Malay	لغة الملايو	Malay	malaiisch	Μαλαισία	malayo	Malai	Malaijilainen	malais	मलायी	Melayu	malese	マレー	ម៉ាឡេ	ಮಲಯ	말레이 사람	ມາເລ	Malajiešu valoda	Melayu	Maleis	malajski	malaio	малайский	มลายู	Malay	Малайський	马来语	Tiếng Mã lai
korean	Korean	الكورية	korejština	Koreanisch	κορεάτης	coreano	Korea	Korealainen	coréen	कोरियाई	Korea	coreano	韓国語	កូរ៉េ	ಕೊರಿಯಾದ	한국인	ເກົາຫຼີ	Korejiešu	Korea	Koreaans	koreański	coreano	Корейский	เกาหลี	Koreli	Корейський	韩国人	Tiếng Hàn Quốc
khmer	Khmer	الخمير	Khmer	Khmer	Χμερ	Jemer	Khme	Khmer	Khmer	खमेर	Khmer	Khmer	クメール	ខ្មែរ	ಖಮೇರ್	크메르	ໄທຣາ	Khmers	Khmer	Khmer	Khmer	Khmer	Кхмер	เขมรตัว	Khmer	Кхмер	高棉	Tiếng Khmer
kannada	Kannada	الكانادا	Kannada	Kannada	Κανάντα	Kannada	Kannada	Kannada	Kannada	कन्नडा	Kannada	Kannada	カンナダ	Kannada	ಕನ್ನಡಿ	칸나다어	Kannada	Kannāda	Kannada	Kannada	Kannada	Kannada	Каннада	ภาษากันนาดา	Kannada	Канада	卡纳达语	Tiếng Kannada
japanese	Japanese	اليابانية	japonský	japanisch	Ιαπωνικά	japonés	Jaapani keel	japanilainen	Japonais	जापानी	Jepang	giapponese	日本語	ជនជាតិជប៉ុន	ಜಪಾನೀಸ್	일본어	ຍີ່ປຸ່ນ	Japānis	Jepun	Japans	język japoński	japonês	Японский	ญี่ปุ่น	Japonca	Японський	日本人	Tiếng Nhật
italian	Italian	إيطالي	italština	Italienisch	ιταλικός	italiano	Itaallane	italialainen	italien	इतालवी	Italia	Italiano	イタリアの	អ៊ីតាលី	ಇಟಲಿಯ	이탈리아 사람	ອິຕາລຽນ	Itālietis	Bahasa Itali	Italiaans	Włoski	italiano	Итальянский	อิตาลี	İtalyan	Італійський	意大利人	Tiếng Ý
indonesian	Indonesian	إندونيسي	indonéština	Indonesisch	Ινδονησιακός	indonesio	Indoneesia	Indonesialainen	indonésien	इन्डोनेशियाई	bahasa Indonesia	indonesiano	インドネシア語	ឥណ្ឌូនេស៊ី	ಇಂಡೋನೀಷಿಯ	인도네시아 인	ອິນໂດເນເຊຍ	Indonēzietis	Indonesia	Indonesisch	indonezyjski	indonésio	индонезийский	ชาวอินโดนีเซีย	Endonezyalı	Індонезійський	印度尼西亚	Tiếng Indonesia
hindi	Hindi	الهندية	hindština	Hindi	Χίντι	hindi	Hindi keel	Hindi	hindi	हिंदी	Hindi	hindi	ヒンディー語	ហិណ្ឌូ	ಹಿಂದಿ	힌디 어	ຮິນດູ	Hindu valoda	Hindi	Hindi	hinduski	hindi	хинди	ภาษาฮินดี	Hintçe	Хінді	印地语	Tiếng Hindi
greek	Greek	اليونانية	řecký	griechisch	Ελληνικά	Griego	Kreeka keel	Kreikka	grec	यूनानी	Orang yunani	greco	ギリシャ語	ក្រិក	ಗ್ರೀಕ್	그리스 어	ກເຣັກ	Grieķu valoda	Greek	Grieks	grecki	grego	Греческий	กรีก	Yunan	Грецький	希腊语	Tiếng Hy Lạp
german	German	ألمانية	Němec	Deutsch	Γερμανός	Alemán	Sakslane	Saksan kieli	Allemand	जर्मन	Jerman	Tedesco	ドイツ人	អាឡឺម៉ង់	ಜರ್ಮನ್ ಭಾಷೆಯ	독일 사람	ເຢຍລະມັນ	Vācu valoda	Jerman	Duits	Niemiecki	Alemão	Немецкий	ชาวเยอรมัน	Almanca	Німецький	德语	tiếng Đức
french	French	فرنسي	francouzština	Französisch	γαλλική γλώσσα	Francés	Prantsuse	Ranskan kieli	Français	फ्रांसीसी	Perancis	francese	フランス語	បារាំង	ಫ್ರೆಂಚ್	프랑스 국민	ຝຣັ່ງ	Franču valoda	Perancis	Frans	Francuski	Francês	Французский	ภาษาฝรั่งเศส	Fransızca	Французький	法语	Tiếng Pháp
finnish	Finnish	الفنلندية	Finštinu	finnisch	φινλανδικός	finlandés	Soomlane	Suomalainen	finlandais	फिनिश	Finlandia	finlandese	フィンランド語	ហ្វាំងឡង់	ಲೋಕದ	핀란드	ແຟງລັງ	Somu	Finland	Fins	fiński	finlandês	Финский	ภาษาฟินแลนด์	Fince	Фінський	芬兰	Tiếng Phần Lan
estonian	Estonian	الإستونية	estonština	estnisch	Εσθονικός	Estonio	Eestonian	Virolainen	estonien	एस्तोनियावासी	Estonia	Estone	エストニアン	អេស្តូនី	ಎಸ್ಟೋನದ	에스토니아 사람	estonian	Igauņu	Estonia	Estlands	estoński	estoniano	эстонский	เอสโตเนีย	Estonya	Естонський	爱沙尼亚人	Tiếng Estonia
dutch	Dutch	هولندي	holandský	Niederländisch	Ολλανδός	Holandés	Hollandlane	Hollannin kieli	Néerlandais	डच	Belanda	Olandese	オランダの	ហូឡង់	ಡಚ್ಚರ	네덜란드 사람	ໂຮນລັງ	Holandieši	Belanda	Nederlands	Holenderski	Holandês	Голландский	ชาวดัตช์	Flemenkçe	Голландський	荷兰	Tiếng Hà Lan
czech	Czech	التشيكية	čeština	Tschechisch	Τσέχος	checo	Tšehhi	Tšekin	tchèque	चेक	Ceko	ceco	チェコ	ឆែក	ಜೆಕ್	체코 사람	ເຊັກ	Čehu valoda	Czech	Tsjechisch	Czech	Tcheco	Чешский	ภาษาเช็ก	Çek	Чеський	捷克	Tiếng Séc
chinese	Chinese	صينى	čínština	Chinesisch	κινέζικα	Chino	Hiinlane	Kiinalainen	Chinois	चीनी	Cina	Cinese	中国語	ចិន	ಚೀನಾದ	중국인	ຈີນ	Ķīnietis	Cina	Chinese	chiński	chinês	Китайский	ชาวจีน	Çince	Китайський	中国人	Tiếng Trung Quốc
txt_rate	Rate	معدل	Hodnotit	Rate	Τιμή	Tasa	Hinda	Rate	Taux	दर	Kecepatan	Valutare	レート	អត្រា	ದರ	비율	ອັດຕາ	Likme	Kadar	Tarief	Wskaźnik	Avaliar	Ставка	ประเมิน	Oran	Оцінка	速度	Tỷ lệ
txt_give_5_stars	Give us 5 stars!	أعطنا 5 نجوم!	Dejte nám 5 hvězdiček!	Gib uns 5 Sterne!	Δώστε μας 5 αστέρια!	¡Danos 5 estrellas!	Andke meile 5 tärni!	Anna meille 5 tähteä!	Donnez-nous 5 étoiles!	हमें 5 सितारे दें!	Beri kami 5 bintang!	Dacci 5 stelle!	5つ星をください！	ផ្តល់ឱ្យយើងនូវផ្កាយចំនួន 5!	ನಮಗೆ 5 ನಕ್ಷತ್ರಗಳನ್ನು ನೀಡಿ!	별 5 개를주세요!	ໃຫ້ 5 ດາວ!	Dodiet mums 5 zvaigznes!	Beri kami 5 bintang!	Geef ons 5 sterren!	Daj nam 5 gwiazdek!	Dê -nos 5 estrelas!	Дай нам 5 звезд!	ให้เรา 5 ดาว!	Bize 5 yıldız ver!	Дайте нам 5 зірок!	给我们5星！	Cho chúng tôi 5 sao!
txt_no_thanks	No, thanks	ًلا شكرا	Ne, díky	Nein danke	Οχι ευχαριστώ	No, gracias	Ei aitäh	Ei kiitos	Non merci	जी नहीं, धन्यवाद	Tidak, terima kasih	No grazie	結構です	អត់អី​ទេ​អរគុណ​ហើយ	ಬೇಡ ಧನ್ಯವಾದಗಳು	고맙지 만 사양 할게	ບໍ່​ຂອບ​ໃຈ	Nē paldies	Tidak, Terima kasih	Nee bedankt	Nie, dziękuję	Não, obrigado	Нет, спасибо	ไม่เป็นไรขอบคุณ	Hayır, teşekkürler	Ні, дякую	不，谢谢	Không, cám ơn
selectLanguage	Select Language	اختار اللغة	Zvolte jazyk	Sprache auswählen	Επιλέξτε γλώσσα	Seleccione el idioma	Vali keel	Valitse kieli	Choisir la langue	भाषा चुने	Pilih bahasa	Seleziona la lingua	言語を選択する	ជ្រើសរើស ភាសា	ಭಾಷೆಯನ್ನು ಆಯ್ಕೆಮಾಡಿ	언어를 선택하십시오	ເລືອກພາສາ	Izvēlēties valodu	Pilih Bahasa	Selecteer taal	Wybierz język	Selecione o idioma	Выберите язык	เลือกภาษา	Dil Seçin	Оберіть мову	选择语言	Chọn ngôn ngữ
enterContents	Enter contents...	أدخل المحتويات ...	Zadejte obsah ...	Inhalt eingeben ...	Εισαγάγετε περιεχόμενα ...	Ingrese el contenido ...	Sisestage sisu ...	Syötä sisältö ...	Entrez le contenu ...	सामग्री दर्ज करें ...	Masukkan isi ...	Inserisci il contenuto ...	内容を入力してください...	បញ្ចូលមាតិកា ...	ವಿಷಯಗಳನ್ನು ನಮೂದಿಸಿ ...	내용을 입력하십시오 ...	ກະລຸນາໃສ່ເນື້ອໃນ ...	Ievadiet saturu ...	Masukkan kandungan ...	Voer de inhoud in ...	Wprowadź zawartość ...	Insira o conteúdo ...	Введите содержимое ...	ป้อนเนื้อหา ...	İçeriği girin ...	Введіть вміст ...	输入内容...	Nhập nội dung ...
beautiful	Beautiful	جميل	Krásná	Schön	Πανεμορφη	Hermoso	ilus	Kaunis	Beau	सुंदर	Cantik	Bellissimo	美しい	ស្អាត	ಸುಂದರ	아름다운	ງາມ	Skaists	Cantik	Mooi	Piękny	Lindo	Красивый	สวย	Güzel	Гарний	美丽的	Xinh đẹp
school	School	مدرسة	Škola	Schule	Σχολείο	Escuela	Kool	Koulu	École	विद्यालय	Sekolah	Scuola	学校	សាលា	ಶಾಲೆ	학교	ໂຮງຮຽນ	Skola	Sekolah	School	Szkoła	Escola	Школа	โรงเรียน	Okul	Школа	学校	Trường học
fishNet	Fishnet	شبكة صيد السمك	Rybí síť	Fischnetz	Διχτυωτό	red de pesca	Võrk	Verkko	Résille	मछली का जाल	Langgai	Rete	網タイツ	សំណាញ់ត្រី	ಫಿಶ್ನೆಟ್	망사	ຕາປາ	Zivju tīkls	Jala ikan	Visnet	Siatka	Rede de pesca	Ажурная сеть	แหอวน	Balık ağı	ажурні	鱼网	Lưới cá
nailPolish	Nail Polish	طلاء الأظافر	Lak na nehty	Nagelpolitur	Βερνίκι νυχιών	Esmalte de uñas	Küünelakk	Kynsilakka	Vernis à ongle	नेल पॉलिश	Cat kuku	Smalto per unghie	マニキュア	ខាត់​ក្រចក	ಉಗುರು ಬಣ್ಣ	매니큐어	ຢາ​ທາ​ເລັບ	Nagu laka	Pengilat kuku	Nagellak	Lakier do paznokci	Esmalte	Лак для ногтей	ยาทาเล็บ	Tırnak cilası	Лак	指甲油	Làm móng
athletic	Athletic	رياضي	Atletický	Sportlich	Αθλητικός	Atlético	Sportlik	Atleettinen	Athlétique	पुष्ट	Atletis	Atletico	アスレチック	អត្តពលិក	ಅಥ್ಲೆಟಿಕ್	운동	ນັກກິລາ	Atlētisks	Athletic	Atletisch	Atletyczny	Atlético	Спортивное	เกี่ยวกับกีฬา	Atletik	Спортивний	运动型	Khỏe mạnh
trending	Trending	الشائع	Trendy	Im Trend	Τάσεις	Tendencias	Trendikas	Trendaavat	Tendance	रुझान	Sedang tren	Tendenza	トレンド	និន្នាការ	ಟ್ರೆಂಡಿಂಗ್	인기 급상승	ແນວໂນ້ມ	Tendences	Trending	Populair	Trendy	Tendendo	Тенденции	กำลังมาแรง	Trend olan	В тренді	流行趋势	Xu hướng
signInWithGoogle	Sign in with Google	الدخول مع جوجل	Přihlaste se pomocí Google	Anmeldung mit Google	Συνδεθείτε με το Google	Inicia sesión con Google	Logige sisse Google'iga	Kirjaudu sisään Googlella	Connectez-vous avec Google	Google से साइन इन करें	Masuk dengan Google	Accedi con Google	Googleでサインイン	ចូលជាមួយ Google	Google ನೊಂದಿಗೆ ಸೈನ್ ಇನ್ ಮಾಡಿ	Google로 로그인	ເຂົ້າສູ່ລະບົບດ້ວຍ Google	Pierakstieties ar Google	Log masuk dengan Google	Log in met Google	Zaloguj się za pomocą Google	Faça login no Google	Войти через Google	ลงชื่อเข้าใช้งานด้วย Google	Google ile giriş yap	Увійдіть за допомогою Google	使用 Google 登录	Đăng nhập bằng Google
appName	Feet Photos	صور القدمين	Fotografie nohou	Fußfotos	Φωτογραφίες ποδιών	Fotos de Pies	Jalade fotod	Jalkojen valokuvat	Pieds Photos	पैरों की तस्वीरें	Foto Kaki	Foto dei piedi	足の写真	រូបថតជើង	ಅಡಿ ಫೋಟೋಗಳು	피트 사진	ຮູບພາບຕີນ	Pēdu fotogrāfijas	Foto Kaki	Voeten foto's	Zdjęcia stóp	Pés Fotos	Фото ног	ภาพถ่ายเท้า	Ayak Fotoğrafları	Фотографії ніг	脚照片	Hình ảnh bàn chân
loginTo	Log in to	تسجيل الدخول إلى	Přihlásit se do	Einloggen in	Συνδεθείτε στο	Iniciar sesión en	Logi sisse	Kirjaudu sisään	Se connecter à	में प्रवेश करें	Masuk ke	Accedere	にログインします	ចូល​ទៅ​ក្នុង	ಗೆ ಲಾಗ್ ಇನ್ ಮಾಡಿ	로그인	ເຂົ້າສູ່ລະບົບ	Piesakieties	Log masuk ke	Inloggen	Zaloguj się do	Logar em	Авторизоваться	เข้าสู่ระบบไปที่	Giriş	Увійти в	登录到	Đăng nhập vào
loginPopupTitle	Get the full app experience	احصل على تجربة التطبيق الكاملة	Získejte plný zážitek z aplikace	Holen Sie sich das volle App-Erlebnis	Αποκτήστε την πλήρη εμπειρία εφαρμογής	Obtén la experiencia completa de la aplicación	Hankige rakenduse täielik kasutuskogemus	Hanki täysi sovelluskokemus	Bénéficiez de l'expérience complète de l'application	संपूर्ण ऐप अनुभव प्राप्त करें	Dapatkan pengalaman aplikasi lengkap	Ottieni l'esperienza completa dell'app	完全なアプリ体験を得る	ទទួលបានបទពិសោធន៍កម្មវិធីពេញលេញ	ಸಂಪೂರ್ಣ ಅಪ್ಲಿಕೇಶನ್ ಅನುಭವವನ್ನು ಪಡೆಯಿರಿ	완전한 앱 경험을 얻으세요	ຮັບປະສົບການແອັບເຕັມ	Iegūstiet pilnu lietotnes pieredzi	Dapatkan pengalaman aplikasi penuh	Krijg de volledige app-ervaring	Uzyskaj pełne możliwości aplikacji	Obtenha a experiência completa do aplicativo	Получите все возможности приложения	สัมผัสประสบการณ์การใช้งานแอปเต็มรูปแบบ	Tam uygulama deneyimini yaşayın	Отримайте всі можливості програми	获得完整的应用程序体验	Tận hưởng trải nghiệm ứng dụng đầy đủ
loginPopupMessage	Enjoy more feet photos and upload photo on the app	استمتع بمزيد من صور القدمين وقم بتحميل الصورة على التطبيق	Užijte si více fotek nohou a nahrajte fotku do aplikace	Genießen Sie weitere Fußfotos und laden Sie Fotos in die App hoch	Απολαύστε περισσότερες φωτογραφίες ποδιών και ανεβάστε φωτογραφία στην εφαρμογή	Disfruta de más fotos de pies y sube fotos en la aplicación.	Nautige rohkem jalgade fotosid ja laadige fotod rakendusse üles	Nauti enemmän jalkakuvista ja lataa valokuva sovellukseen	Profitez de plus de photos de pieds et téléchargez une photo sur l'application	अधिक पैरों की तस्वीरों का आनंद लें और ऐप पर फोटो अपलोड करें	Nikmati lebih banyak foto kaki dan unggah foto di aplikasi	Goditi più foto dei piedi e carica foto sull'app	もっと足の写真を楽しんで、アプリに写真をアップロードしてください	រីករាយជាមួយរូបថតជើងកាន់តែច្រើន ហើយបង្ហោះរូបថតនៅលើកម្មវិធី	ಹೆಚ್ಚಿನ ಅಡಿ ಫೋಟೋಗಳನ್ನು ಆನಂದಿಸಿ ಮತ್ತು ಅಪ್ಲಿಕೇಶನ್‌ನಲ್ಲಿ ಫೋಟೋವನ್ನು ಅಪ್‌ಲೋಡ್ ಮಾಡಿ	더 많은 발 사진을 즐기고 앱에 사진을 업로드하세요.	ເພີດເພີນໄປກັບຮູບຕີນຫຼາຍຂຶ້ນ ແລະອັບໂຫຼດຮູບໃນແອັບ	Izbaudiet vairāk pēdu fotoattēlu un augšupielādējiet fotoattēlu lietotnē	Nikmati lebih banyak foto kaki dan muat naik foto pada apl	Geniet van meer voetfoto's en upload een foto naar de app	Ciesz się większą liczbą zdjęć stóp i przesyłaj je w aplikacji	Aproveite mais fotos de pés e faça upload de fotos no aplicativo	Наслаждайтесь другими фотографиями ног и загружайте их в приложение.	เพลิดเพลินกับรูปถ่ายเท้าเพิ่มเติมและอัปโหลดรูปภาพบนแอป	Daha fazla ayak fotoğrafının keyfini çıkarın ve uygulamaya fotoğraf yükleyin	Насолоджуйтеся фотографіями ніг і завантажуйте фото в додаток	欣赏更多脚部照片并在应用程序上上传照片	Thưởng thức thêm ảnh chân và có thể đăng tải ảnh lên ứng dụng
loginNoticeMessage	By continuing with account, you agree to our Terms of Service and acknowledge that you have read our Privacy Policy	من خلال الاستمرار في الحساب، فإنك توافق على شروط الخدمة الخاصة بنا وتقر بأنك قد قرأت سياسة الخصوصية الخاصة بنا	Pokračováním v účtu souhlasíte s našimi Podmínkami služby a potvrzujete, že jste si přečetli naše Zásady ochrany osobních údajů	Indem Sie mit dem Konto fortfahren, stimmen Sie unseren Nutzungsbedingungen zu und bestätigen, dass Sie unsere Datenschutzrichtlinie gelesen haben	Συνεχίζοντας με τον λογαριασμό, συμφωνείτε με τους Όρους Παροχής Υπηρεσιών μας και αναγνωρίζετε ότι έχετε διαβάσει την Πολιτική Απορρήτου μας	Al continuar con la cuenta, acepta nuestros Términos de servicio y reconoce que ha leído nuestra Política de privacidad.	Kontoga jätkates nõustute meie teenusetingimustega ja kinnitate, et olete meie privaatsuspoliitikat lugenud	Jatkamalla tilin käyttöä hyväksyt käyttöehtomme ja vahvistat lukeneesi tietosuojakäytäntömme	En poursuivant votre compte, vous acceptez nos conditions d'utilisation et reconnaissez que vous avez lu notre politique de confidentialité.	खाता जारी रखकर, आप हमारी सेवा की शर्तों से सहमत हैं और स्वीकार करते हैं कि आपने हमारी गोपनीयता नीति पढ़ ली है	Dengan melanjutkan akun, Anda menyetujui Ketentuan Layanan kami dan mengakui bahwa Anda telah membaca Kebijakan Privasi kami	Continuando con l'account, accetti i nostri Termini di servizio e riconosci di aver letto la nostra Informativa sulla privacy	アカウントを続行すると、利用規約に同意し、プライバシー ポリシーを読んだことを認めたものとみなされます	ដោយបន្តជាមួយគណនី អ្នកយល់ព្រមនឹងលក្ខខណ្ឌនៃសេវាកម្មរបស់យើង ហើយទទួលស្គាល់ថាអ្នកបានអានគោលការណ៍ឯកជនភាពរបស់យើងហើយ	ಖಾತೆಯೊಂದಿಗೆ ಮುಂದುವರಿಯುವ ಮೂಲಕ, ನೀವು ನಮ್ಮ ಸೇವಾ ನಿಯಮಗಳನ್ನು ಒಪ್ಪುತ್ತೀರಿ ಮತ್ತು ನಮ್ಮ ಗೌಪ್ಯತೆ ನೀತಿಯನ್ನು ನೀವು ಓದಿದ್ದೀರಿ ಎಂದು ಒಪ್ಪಿಕೊಳ್ಳುತ್ತೀರಿ	계정을 계속 사용하면 서비스 약관에 동의하고 개인정보 보호정책을 읽었음을 인정하는 것입니다.	ໂດຍການສືບຕໍ່ບັນຊີ, ທ່ານຕົກລົງເຫັນດີກັບເງື່ອນໄຂການໃຫ້ບໍລິການຂອງພວກເຮົາ ແລະຮັບຮູ້ວ່າທ່ານໄດ້ອ່ານນະໂຍບາຍຄວາມເປັນສ່ວນຕົວຂອງພວກເຮົາແລ້ວ.	Turpinot darbu ar kontu, jūs piekrītat mūsu pakalpojumu sniegšanas noteikumiem un apstiprināt, ka esat izlasījis mūsu konfidencialitātes politiku	Dengan meneruskan akaun, anda bersetuju menerima Syarat Perkhidmatan kami dan mengakui bahawa anda telah membaca Dasar Privasi kami	Als u doorgaat met uw account, gaat u akkoord met onze Servicevoorwaarden en erkent u dat u ons Privacybeleid heeft gelezen	Kontynuując korzystanie z konta, wyrażasz zgodę na nasze Warunki świadczenia usług i potwierdzasz, że zapoznałeś się z naszą Polityką prywatności	Ao continuar com a conta, você concorda com nossos Termos de Serviço e reconhece que leu nossa Política de Privacidade	Продолжая использовать учетную запись, вы соглашаетесь с нашими Условиями обслуживания и подтверждаете, что прочитали нашу Политику конфиденциальности.	เมื่อดำเนินการต่อด้วยบัญชี แสดงว่าคุณยอมรับข้อกำหนดในการให้บริการของเรา และรับทราบว่าคุณได้อ่านนโยบายความเป็นส่วนตัวของเราแล้ว	Hesapla devam ederek Hizmet Koşullarımızı kabul etmiş ve Gizlilik Politikamızı okuduğunuzu onaylamış olursunuz.	Продовжуючи роботу з обліковим записом, ви погоджуєтеся з нашими Умовами обслуговування та підтверджуєте, що прочитали нашу Політику конфіденційності	继续使用帐户即表示您同意我们的服务条款并确认您已阅读我们的隐私政策	Bằng cách tiếp tục sử dụng tài khoản, bạn đồng ý với Điều khoản dịch vụ của chúng tôi và xác nhận rằng bạn đã đọc Chính sách quyền riêng tư của chúng tôi
writeACaption	Write a Caption	اكتب شرحا	Napište popisek	Schreibe eine Überschrift	Γράψτε μια λεζάντα	Escribir un subtitulo	Kirjutage pealdis	Kirjoita kuvateksti	Écrire une légende	एक शीर्षक लिखो	Tulis Keterangan	Scrivere una didascalia	キャプションを書く	សរសេរ Caption	ಶೀರ್ಷಿಕೆ ಬರೆಯಿರಿ	캡션 쓰기	ຂຽນຄຳບັນຍາຍ	Uzrakstiet parakstu	Tulis Kapsyen	Schrijf een bijschrift	Napisz podpis	Escreva uma legenda	Напишите подпись	เขียนคำบรรยายภาพ	Başlık yaz	Напишіть підпис	写一个标题	Viết chú thích
errorLogginMessage	Unable to log in, please try again or try with another gmail.	تعذر تسجيل الدخول، يرجى المحاولة مرة أخرى أو المحاولة باستخدام Gmail آخر.	Nelze se přihlásit, zkuste to prosím znovu nebo to zkuste s jiným gmailem.	Die Anmeldung ist nicht möglich. Bitte versuchen Sie es erneut oder versuchen Sie es mit einem anderen Google Mail-Konto.	Δεν είναι δυνατή η σύνδεση, δοκιμάστε ξανά ή δοκιμάστε με άλλο gmail.	No se puede iniciar sesión, inténtalo de nuevo o prueba con otro Gmail.	Sisselogimine ei õnnestu, proovige uuesti või proovige mõne teise Gmailiga.	Kirjautuminen ei onnistu, yritä uudelleen tai yritä toisella gmaililla.	Impossible de vous connecter, veuillez réessayer ou essayer avec un autre Gmail.	लॉग इन करने में असमर्थ, कृपया पुनः प्रयास करें या किसी अन्य जीमेल से प्रयास करें।	Tidak dapat login, silakan coba lagi atau coba dengan gmail lain.	Impossibile accedere, riprova o prova con un altro Gmail.	ログインできません。もう一度試すか、別の Gmail で試してください。	មិនអាចចូលបានទេ សូមព្យាយាមម្តងទៀត ឬព្យាយាមជាមួយ gmail ផ្សេងទៀត។	ಲಾಗ್ ಇನ್ ಮಾಡಲು ಸಾಧ್ಯವಾಗುತ್ತಿಲ್ಲ, ದಯವಿಟ್ಟು ಮತ್ತೆ ಪ್ರಯತ್ನಿಸಿ ಅಥವಾ ಇನ್ನೊಂದು gmail ಮೂಲಕ ಪ್ರಯತ್ನಿಸಿ.	로그인할 수 없습니다. 다시 시도하거나 다른 Gmail로 시도해 보세요.	ບໍ່ສາມາດເຂົ້າສູ່ລະບົບໄດ້, ກະລຸນາລອງອີກຄັ້ງ ຫຼືລອງໃຊ້ Gmail ອື່ນ.	Nevar pieteikties, lūdzu, mēģiniet vēlreiz vai mēģiniet ar citu Gmail.	Tidak dapat log masuk, sila cuba lagi atau cuba dengan gmail lain.	Inloggen lukt niet. Probeer het opnieuw of probeer het met een andere Gmail.	Nie można się zalogować. Spróbuj ponownie lub użyj innego Gmaila.	Não foi possível fazer login, tente novamente ou tente com outro Gmail.	Невозможно войти в систему. Повторите попытку или попробуйте использовать другой Gmail.	ไม่สามารถเข้าสู่ระบบได้ โปรดลองอีกครั้งหรือลองด้วย Gmail อื่น	Giriş yapılamıyor, lütfen tekrar deneyin veya başka bir Gmail ile deneyin.	Не вдається ввійти, будь ласка, спробуйте ще раз або спробуйте з іншою поштою Gmail.	无法登录，请重试或使用其他 Gmail 尝试。	Không thể đăng nhập, vui lòng thử lại hoặc thử bằng gmail khác.
readmore	Readmore	اقرأ أكثر	Přečtěte si více	Mehr lesen	Διαβάστε περισσότερα	Leer más	Loe rohkem	Lue lisää	En savoir plus	और पढ़ें	Baca selengkapnya	Per saperne di più	続きを読む	អាន​បន្ថែម	ಮತ್ತಷ್ಟು ಓದು	자세히보기	ອ່ານ​ຕື່ມ	Lasīt vairāk	Baca lagi	Lees verder	Czytaj więcej	Consulte Mais informação	Читать далее	อ่านเพิ่มเติม	Devamını oku	Детальніше	阅读更多	Đọc thêm
signIn	Sign in	تسجيل الدخول	Přihlásit se	anmelden	Συνδεθείτε	Iniciar sesión	Logi sisse	Kirjaudu sisään	Se connecter	दाखिल करना	Masuk	Registrazione	サインイン	ចូល	ಸೈನ್ ಇನ್ ಮಾಡಿ	로그인	ເຂົ້າ​ສູ່​ລະ​ບົບ	Ielogoties	Log masuk	Aanmelden	Zalogować się	Entrar	Войти	เข้าสู่ระบบ	Kayıt olmak	Увійти	登入	Đăng nhập
signOut	Sign out	خروج	Odhlásit se	Abmelden	Αποσύνδεση	desconectar	Logi välja	Kirjaudu ulos	se déconnecter	साइन आउट	Keluar	disconnessione	サインアウト	ចាកចេញ	ಸೈನ್ ಔಟ್ ಮಾಡಿ	로그아웃	ອອກ​ຈາກ​ລະ​ບົບ	Izrakstīties	Log keluar	Afmelden	Wyloguj się	sair	выход	ออกจากระบบ	oturumu Kapat	Вийти з аккаунта	登出	Đăng xuất
next	Next	التالي	další	Nächste	Επόμενο	Próximo	Edasi	Seuraava	Suivant	अगला	Berikutnya	Prossimo	次	បន្ទាប់	ಮುಂದೆ	다음	ຕໍ່ໄປ	Nākamais	Seterusnya	Volgende	Następny	Próximo	Следующий	ต่อไป	Sonraki	Далі	下一个	Tiếp theo
previewPost	Preview Post	معاينة المشاركة	Předchozí příspěvek	Vorschau des Beitrags	Επισκόπηση τοποθέτησης	Vista previa de post	Postituse eelvaade	Esikatsele viestiä	Aperçu du message	पूर्वावलोकन पोस्ट	Pratinjau Posting	Anteprima del messaggio	プレビューポスト	មើលសារបង្ហោះជាមុន	ಪೂರ್ವವೀಕ್ಷಣೆ ಪೋಸ್ಟ್	미리보기 게시물	ໂພສຕົວຢ່າງ	Priekšskatīt ziņu	Pratonton Siaran	Voorbeeldbericht	Poprzedni post	Postagem anterior	Предварительный просмотр сообщения	โพสต์ภาพตัวอย่าง	Gönderiyi Önizle	Попередній перегляд публікації	预阅帖子	Xem trước bài đăng
post	Post Photo	نشر الصورة	Přidat fotografii	Foto posten	Δημοσίευση φωτογραφίας	Publicar una foto	Postita foto	Lähetä valokuva	Publier une photo	फ़ोटो पोस्ट करें	Posting Foto	Pubblica foto	写真を投稿する	បង្ហោះរូបថត	ಫೋಟೋ ಪೋಸ್ಟ್ ಮಾಡಿ	사진 게시	ໂພສຮູບ	Izlikt fotoattēlu	Siarkan Foto	Foto plaatsen	Opublikować zdjęcie	Postar foto	Опубликовать фото	โพสต์รูปภาพ	Fotoğraf Gönder	Опублікувати фото	发布照片	Đăng ảnh
uploadPostSuccessMessage	Upload successful, the article will be available after review by the administrator	تم التحميل بنجاح، وستكون المقالة متاحة بعد مراجعتها من قبل المسؤول	Nahrání proběhlo úspěšně, článek bude dostupný po kontrole administrátorem	Hochladen erfolgreich, der Artikel ist nach Überprüfung durch den Administrator verfügbar	Η μεταφόρτωση ήταν επιτυχής, το άρθρο θα είναι διαθέσιμο μετά από έλεγχο από τον διαχειριστή	Carga exitosa, el artículo estará disponible después de que el administrador lo revise.	Üleslaadimine õnnestus, artikkel on saadaval pärast administraatori poolt läbivaatamist	Lataus onnistui, artikkeli on saatavilla järjestelmänvalvojan tarkastelun jälkeen	Téléchargement réussi, l'article sera disponible après examen par l'administrateur	अपलोड सफल, लेख व्यवस्थापक द्वारा समीक्षा के बाद उपलब्ध होगा	Unggahan berhasil, artikel akan tersedia setelah ditinjau oleh administrator	Caricamento riuscito, l'articolo sarà disponibile dopo la revisione da parte dell'amministratore	アップロードが成功しました。記事は管理者によるレビュー後に利用可能になります	បង្ហោះដោយជោគជ័យ អត្ថបទនឹងមានបន្ទាប់ពីការពិនិត្យដោយអ្នកគ្រប់គ្រង	ಅಪ್‌ಲೋಡ್ ಯಶಸ್ವಿಯಾಗಿದೆ, ನಿರ್ವಾಹಕರು ಪರಿಶೀಲಿಸಿದ ನಂತರ ಲೇಖನವು ಲಭ್ಯವಿರುತ್ತದೆ	업로드가 완료되었습니다. 관리자가 검토한 후 기사를 사용할 수 있습니다.	ອັບໂຫຼດສຳເລັດແລ້ວ, ບົດຄວາມຈະມີໃຫ້ຫຼັງຈາກກວດສອບໂດຍຜູ້ເບິ່ງແຍງລະບົບ	Augšupielāde ir veiksmīga, raksts būs pieejams pēc administratora pārskatīšanas	Muat naik berjaya, artikel akan tersedia selepas semakan oleh pentadbir	Upload succesvol, het artikel zal beschikbaar zijn na beoordeling door de beheerder	Przesyłanie powiodło się, artykuł będzie dostępny po sprawdzeniu przez administratora	Upload bem sucedido, o artigo estará disponível após revisão pelo administrador	Загрузка прошла успешно, статья будет доступна после проверки администратором.	อัปโหลดสำเร็จ บทความจะพร้อมใช้งานหลังจากผู้ดูแลระบบตรวจสอบแล้ว	Yükleme başarılı, makale yönetici tarafından incelendikten sonra kullanıma sunulacak	Завантаження пройшло, стаття буде доступна після перегляду адміністратором	上传成功，文章经管理员审核后即可发布	Tải lên thành công, bài viết sẽ hiển thị sau khi được quản trị viên phê duyệt
tabbarExplore	Explore	يستكشف	Prozkoumat	Erkunden	Εξερευνώ	Explorar	Uurige	Tutkia	Explorer	अन्वेषण करना	Mengeksplorasi	Esplorare	探検する	រុករក	ಅನ್ವೇಷಿಸಿ	탐구하다	ສຳຫຼວດ	Izpētīt	Meneroka	Ontdekken	Badać	Explorar	Исследовать	สำรวจ	Keşfetmek	Досліджуйте	探索	Khám phá
create	Create	يخلق	Vytvořit	Erstellen	Δημιουργώ	Crear	Loo	Luoda	Créer	बनाएं	Membuat	Creare	作成する	បង្កើត	ರಚಿಸಿ	만들다	ສ້າງ	Izveidot	Buat	Creëren	Tworzyć	Criar	Создавать	สร้าง	Yaratmak	Створити	创造	Tạo mới
noPhotos	No Photos	لا توجد صور	Žádné fotky	Keine Fotos	Οχι φωτογραφίες	Sin fotos	Fotosid pole	Ei valokuvia	Pas de photos	तस्वीरें नहीं	Tidak ada foto	Niente foto	写真なし	គ្មានរូបថត	ಫೋಟೋಗಳಿಲ್ಲ	사진 없음	ບໍ່ມີຮູບ	Nav fotoattēlu	Tiada Foto	Geen foto's	Brak zdjęć	Não há fotos	Нет фото	ไม่มีรูปถ่าย	Fotoğraf yok	Немає фотографій	没有照片	Không có ảnh
noPhotosMessage	No photos found related to the content you entered._____Please try again with another keyword.	لم يتم العثور على صور ذات صلة بالمحتوى الذي أدخلته.______يرجى المحاولة مرة أخرى باستخدام كلمة رئيسية أخرى.	Nebyly nalezeny žádné fotografie související se zadaným obsahem._____Zkuste to prosím znovu s jiným klíčovým slovem.	Es wurden keine Fotos gefunden, die mit dem von Ihnen eingegebenen Inhalt in Zusammenhang stehen._____Bitte versuchen Sie es erneut mit einem anderen Schlüsselwort.	Δεν βρέθηκαν φωτογραφίες που να σχετίζονται με το περιεχόμενο που εισαγάγατε._____Παρακαλώ δοκιμάστε ξανά με άλλη λέξη-κλειδί.	No se encontraron fotos relacionadas con el contenido que ingresó._____ Inténtelo nuevamente con otra palabra clave.	Sisestatud sisuga seotud fotosid ei leitud._____Proovige uuesti mõne muu märksõnaga.	Antamaasi sisältöön liittyviä kuvia ei löytynyt._____Yritä uudelleen toisella avainsanalla.	Aucune photo trouvée en rapport avec le contenu que vous avez saisi._____Veuillez réessayer avec un autre mot-clé.	आपके द्वारा दर्ज की गई सामग्री से संबंधित कोई फ़ोटो नहीं मिली।_____कृपया किसी अन्य कीवर्ड के साथ पुनः प्रयास करें।	Tidak ditemukan foto terkait dengan konten yang Anda masukkan._____Silakan coba lagi dengan kata kunci lain.	Nessuna foto trovata correlata al contenuto inserito._____Riprova con un'altra parola chiave.	入力したコンテンツに関連する写真は見つかりませんでした。_____別のキーワードでもう一度お試しください。	រកមិនឃើញរូបថតដែលទាក់ទងនឹងខ្លឹមសារដែលអ្នកបានបញ្ចូលទេ។ _____ សូមព្យាយាមម្តងទៀតដោយប្រើពាក្យគន្លឹះផ្សេងទៀត។	ನೀವು ನಮೂದಿಸಿದ ವಿಷಯಕ್ಕೆ ಸಂಬಂಧಿಸಿದ ಯಾವುದೇ ಫೋಟೋಗಳು ಕಂಡುಬಂದಿಲ್ಲ._____ದಯವಿಟ್ಟು ಇನ್ನೊಂದು ಕೀವರ್ಡ್‌ನೊಂದಿಗೆ ಮತ್ತೊಮ್ಮೆ ಪ್ರಯತ್ನಿಸಿ.	입력하신 내용과 관련된 사진을 찾을 수 없습니다._____다른 키워드로 다시 시도해 주세요.	ບໍ່ພົບຮູບທີ່ກ່ຽວຂ້ອງກັບເນື້ອຫາທີ່ທ່ານປ້ອນເຂົ້າ._____ ກະລຸນາລອງອີກຄັ້ງດ້ວຍຄຳສຳຄັນອື່ນ.	Netika atrasts neviens fotoattēls, kas būtu saistīts ar jūsu ievadīto saturu._____Lūdzu, mēģiniet vēlreiz, izmantojot citu atslēgvārdu.	Tiada foto ditemui berkaitan dengan kandungan yang anda masukkan._____Sila cuba lagi dengan kata kunci lain.	Er zijn geen foto's gevonden die verband houden met de inhoud die u heeft ingevoerd._____Probeer het opnieuw met een ander trefwoord.	Nie znaleziono zdjęć związanych z wprowadzoną treścią._____Spróbuj ponownie, używając innego słowa kluczowego.	Não foram encontradas fotos relacionadas ao conteúdo inserido._____Tente novamente com outra palavra-chave.	Не найдено фотографий, связанных с введенным вами содержанием._____Пожалуйста, повторите попытку, указав другое ключевое слово.	ไม่พบรูปภาพที่เกี่ยวข้องกับเนื้อหาที่คุณป้อน_____โปรดลองอีกครั้งด้วยคำหลักอื่น	Girdiğiniz içerikle ilgili fotoğraf bulunamadı._____Lütfen başka bir anahtar kelimeyle tekrar deneyin.	Не знайдено фотографій, пов’язаних із вмістом, який ви ввели._____Будь ласка, спробуйте ще раз із іншим ключовим словом.	未找到与您输入的内容相关的照片。_____请使用其他关键字重试。	Không tìm thấy ảnh nào liên quan đến nội dung bạn đã nhập._____Vui lòng thử lại bằng từ khóa khác.
feetCare	Feet care	العناية بالقدمين	Péče o nohy	Fußpflege	Περιποίηση ποδιών	cuidado de los pies	Jalgade hooldus	Jalkojen hoito	Soins des pieds	पैरों की देखभाल	Perawatan kaki	Cura dei piedi	フットケア	ការថែរក្សាជើង	ಪಾದಗಳ ಆರೈಕೆ	발 관리	ການດູແລຕີນ	Kāju kopšana	Penjagaan kaki	Voetverzorging	Pielęgnacja stóp	Cuidados com os pés	Уход за ногами	การดูแลเท้า	Ayak bakımı	Догляд за ногами	足部护理	Chăm sóc bàn chân
pedicure	Pedicure	باديكير	Pedikúra	Pediküre	Πεντικιούρ	Pedicure	Pediküür	Pedikyyri	Pédicure	पेडीक्योर	Pedikur	Pedicure	ペディキュア	លាបជើង	ಪಾದೋಪಚಾರ	페디큐어	ເລັບຕີນ	Pedikīrs	Pedikur	Pedicure	Pedicure	Pedicure	Педикюр	ทำเล็บเท้า	Pedikür	педикюр	修脚	Làm móng chân
heels	Heels	الكعب	Podpatky	Absätze	Τακούνια	Tacones	Kontsad	Korkokengät	Talons	हील	sepatu hak	Tacchi	かかと	កែងជើង	ನೆರಳಿನಲ್ಲೇ	뒷굽	ສົ້ນຕີນ	Papēži	Tumit	Hakken	Obcasy	Salto	Каблуки	รองเท้าส้นสูง	Topuklular	Каблуки	高跟鞋	Giày cao gót
feet	Feet	قدم	Chodidla	Füße	Πόδια	Pies	Jalad	Jalat	Pieds	पैर	Kaki	Piedi	足	ជើង	ಪಾದಗಳು	피트	ຕີນ	Pēdas	kaki	Voeten	Stopy	Pés	Ноги	เท้า	Ayak	Ноги	脚	Bàn chân
foot	Foot	قدم	Chodidlo	Fuß	Πόδι	Pie	Jalg	Jalka	Pied	पैर	Kaki	Piede	足	ជើង	ಪಾದ	발	ຕີນ	Pēda	kaki	Voet	Stopa	Pé	Ступня	เท้า	Ayak	стопа	脚	Chân
meshTights	Mesh Tights	الجوارب شبكة	Síťované punčochy	Netzstrumpfhose	Διχτυωτό καλσόν	Medias de malla	Võrgust sukkpüksid	Verkkosukkahousut	Collants en maille	जालीदार चड्डी	Celana Ketat Jaring	Collant a rete	メッシュタイツ	ក្រណាត់សំណាញ់	ಮೆಶ್ ಟೈಟ್ಸ್	메쉬 스타킹	ຕາຫນ່າງ Tights	Tīkla zeķubikses	Pakaian Ketat Mesh	Mesh panty's	Rajstopy siateczkowe	Meias de malha	Сетчатые колготки	กางเกงรัดรูปตาข่าย	File Tayt	Колготки в сіточку	网眼裤袜	Quần lưới
sandals	Sandals	صنادل	Sandály	Sandalen	Σανδάλια	Sandalias	Sandaalid	Sandaalit	Des sandales	सैंडल	Sandal	Sandali	サンダル	ស្បែកជើងកវែង	ಸ್ಯಾಂಡಲ್ಗಳು	샌들	ເກີບແຕະ	Sandales	sandal	Sandalen	Sandały	Sandálias	Сандалии	รองเท้าแตะ	Sandalet	Босоніжки	凉鞋	Dép xăng đan
toes	Toes	أصابع القدم	Prsty u nohou	Zehen	Δάχτυλα των ποδιών	Dedos de los pies	Varbad	Varpaat	Orteils	पैर की उँगलियाँ	Jari kaki	Dita dei piedi	つま先	ម្រាមជើង	ಕಾಲ್ಬೆರಳುಗಳು	발가락	ຕີນ	Kāju pirksti	Jari kaki	Tenen	Palce u stóp	Dedos do pé	Пальцы ног	นิ้วเท้า	Ayak parmakları	Пальці ніг	脚趾	ngón chân
awesome	Awesome	مذهل	Skvělý	Eindrucksvoll	Φοβερός	Impresionante	Vinge	Mahtava	Génial	बहुत बढ़िया	Luar biasa	Eccezionale	素晴らしい	អស្ចារ្យ	ಅದ್ಭುತ	엄청난	ສຸດຍອດ	Satriecošs	Hebat	Geweldig	Wspaniały	Incrível	Потрясающий	สุดยอด	Mükemmel	приголомшливо	惊人的	Tuyệt vời
tattoo	Tattoo	وشم	Tetování	Tätowieren	Τατουάζ	Tatuaje	Tätoveering	Tatuointi	Tatouage	टटू	Tato	Tatuaggio	入れ墨	សាក់	ಟ್ಯಾಟೂ	타투	ສັກ	Tetovējums	Tatu	Tatoeëren	Tatuaż	Tatuagem	Тату	สัก	Dövme	татуювання	纹身	Xăm hình
socks	Socks	جوارب	Ponožky	Socken	Κάλτσες	Medias	Sokid	Sukat	Chaussettes	मोज़े	Kaus kaki	Calzini	靴下	ស្រោមជើង	ಸಾಕ್ಸ್	양말	ຖົງຕີນ	Zeķes	stokin	Sokken	Skarpety	Meias	Носки	ถุงเท้า	Çorap	Шкарпетки	袜子	Tất
highHeels	High Heels	كعب عالي	Vysoké podpatky	High Heels	Ψηλοτάκουνα	Tacones altos	Kõrged kontsad	Korkokengät	Talons hauts	ऊँची एड़ी के जूते	sepatu hak tinggi	Tacchi alti	ハイヒール	ស្បែកជើង​កែង	ಹೆಚ್ಚು ಎತ್ತರದ ಚಪ್ಪಲಿಗಳು	하이힐	ສົ້ນ​ສູງ	Augstpapēžu kurpes	Tumit tinggi	Hoge hakken	Wysokie obcasy	Salto alto	Высокие каблуки	รองเท้าส้นสูง	Yüksek topuklu	Високі підбори	高跟鞋	Cao gót
mystery	Mystery	أُحجِيَّة	Tajemství	Geheimnis	Μυστήριο	Misterio	Müsteerium	Mysteeri	Mystère	रहस्य	Misteri	Mistero	神秘	អាថ៌កំបាំង	ರಹಸ್ಯ	신비	ຄວາມລຶກລັບ	Noslēpums	Misteri	Mysterie	Tajemnica	Mistério	Тайна	ความลึกลับ	Gizem	Таємниця	神秘	Bí ẩn
maleFeet	Male Feet	أقدام الذكور	Mužské nohy	Männliche Füße	Αρσενικά πόδια	Pies masculinos	Meeste jalad	Miesten jalat	Pieds masculins	पुरुष पैर	Kaki Laki-Laki	Piedi maschili	男性の足	ជើងបុរស	ಪುರುಷ ಪಾದಗಳು	남성 발	ຕີນຊາຍ	Vīriešu pēdas	Kaki Lelaki	Mannelijke voeten	Męskie stopy	Pés Masculinos	Мужские ноги	เท้าชาย	Erkek Ayakları	Чоловічі ноги	男脚	Bàn chân nam
signOutVerify	Are you sure you want to sign out?	هل أنت متأكد أنك تريد الخروج؟	Opravdu se chcete odhlásit?	Möchten Sie sich wirklich abmelden?	Είστε βέβαιοι ότι θέλετε να αποσυνδεθείτε;	¿Estás seguro de que deseas cerrar sesión?	Kas olete kindel, et soovite välja logida?	Haluatko varmasti kirjautua ulos?	Êtes-vous certain de vouloir vous déconnecter?	क्या आप द्वारा साइन आउट किया जाना सुनिश्चित है?	Apakah Anda yakin ingin keluar?	Sei sicuro di voler uscire?	サインアウトしてもよろしいですか?	តើ​អ្នក​ប្រាកដ​ជា​ចង់​ចេញ?	ನೀವು ಸೈನ್ ಔಟ್ ಮಾಡಲು ಖಚಿತವಾಗಿ ಬಯಸುವಿರಾ?	정말로 로그아웃하시겠습니까?	ທ່ານແນ່ໃຈບໍ່ວ່າຕ້ອງການອອກຈາກລະບົບ?	Vai tiešām vēlaties izrakstīties?	Adakah anda pasti mahu log keluar?	Weet u zeker dat u zich wilt afmelden?	Czy na pewno chcesz się wylogować?	Você tem certeza que deseja sair?	Вы уверены, что хотите выйти?	คุณแน่ใจว่าคุณต้องการที่จะออกจากระบบ?	Oturumu kapatmak istediğinizden emin misiniz?	Ви впевнені, що бажаєте вийти?	您确定要退出吗？	bạn có chắc chắn muốn đăng xuất không?
caption	Caption	التسمية التوضيحية	Titulek	Untertitel	Λεζάντα	Subtítulo	Pealkiri	Kuvateksti	Légende	कैप्शन	Keterangan	Didascalia	キャプション	ចំណងជើង	ಶೀರ್ಷಿಕೆ	표제	ຄຳບັນຍາຍ	Paraksts	Kapsyen	Ondertiteling	Podpis	Rubrica	Подпись	คำบรรยายภาพ	Altyazı	Підпис	标题	Nội dung
register	Register	يسجل	Registrovat	Registrieren	Κανω ΕΓΓΡΑΦΗ	Registro	Registreeri	Rekisteröidy	Registre	पंजीकरण करवाना	Daftar	Registrati	登録する	ចុះឈ្មោះ	ನೋಂದಣಿ	등록하다	ລົງທະບຽນ	Reģistrēties	Daftar	Register	Rejestr	Registro	регистр	ลงทะเบียน	Kayıt olmak	зареєструватися	登记	Đăng ký
loginNotice1	By continuing with account, you agree to our	من خلال الاستمرار في الحساب، فإنك توافق على لدينا	Pokračováním v účtu souhlasíte s naším	Indem Sie mit dem Konto fortfahren, stimmen Sie unserem zu	Συνεχίζοντας με τον λογαριασμό, συμφωνείτε με το δικό μας	Al continuar con la cuenta, aceptas nuestra	Kontoga jätkates nõustute meiega	Jatkamalla tilin käyttöä hyväksyt meidän	En poursuivant votre compte, vous acceptez notre	खाता जारी रखकर, आप हमारी बात से सहमत हैं	Dengan melanjutkan dengan akun, Anda menyetujui kami	Continuando con l'account, accetti i nostri	アカウントを続行すると、次のことに同意したことになります	ដោយបន្តជាមួយគណនី អ្នកយល់ព្រមចំពោះរបស់យើង។	ಖಾತೆಯೊಂದಿಗೆ ಮುಂದುವರಿಯುವ ಮೂಲಕ, ನೀವು ನಮ್ಮ ಸಮ್ಮತಿಸುತ್ತೀರಿ	계정을 계속 사용하면 다음 내용에 동의하게 됩니다.	ໂດຍການສືບຕໍ່ບັນຊີ, ທ່ານຕົກລົງເຫັນດີກັບພວກເຮົາ	Turpinot lietot kontu, jūs piekrītat mūsu	Dengan meneruskan akaun, anda bersetuju dengan kami	Als u doorgaat met uw account, gaat u akkoord met onze	Kontynuując korzystanie z konta, wyrażasz zgodę na nasze	Ao continuar com a conta, você concorda com nossos	Продолжая использовать учетную запись, вы соглашаетесь с нашими	การดำเนินการบัญชีต่อแสดงว่าคุณยอมรับของเรา	Hesapla devam ederek şunları kabul etmiş olursunuz:	Продовжуючи роботу з обліковим записом, ви погоджуєтеся з нашими	继续使用帐户即表示您同意我们的	Bằng cách tiếp tục với tài khoản, bạn đồng ý với chúng tôi về
loginNotice2	and acknowledge that you have read our	وأقر بأنك قد قرأت لدينا	a potvrďte, že jste si přečetli naše	und bestätigen Sie, dass Sie unsere gelesen haben	και αναγνωρίστε ότι έχετε διαβάσει το δικό μας	y reconoce que ha leído nuestra	ja kinnitage, et olete meiega tutvunud	ja vahvista, että olet lukenut meidän	et reconnaissez que vous avez lu notre	और स्वीकार करें कि आपने हमारा पढ़ा है	dan mengakui bahwa Anda telah membaca kami	e riconosci di aver letto il nostro	そして、あなたが私たちを読んだことを認めます	ហើយទទួលស្គាល់ថាអ្នកបានអានរបស់យើង។	ಮತ್ತು ನೀವು ನಮ್ಮದನ್ನು ಓದಿದ್ದೀರಿ ಎಂದು ಒಪ್ಪಿಕೊಳ್ಳಿ	그리고 당신이 우리의 내용을 읽었음을 인정합니다	ແລະຮັບຮູ້ວ່າທ່ານໄດ້ອ່ານຂອງພວກເຮົາ	un apstipriniet, ka esat izlasījis mūsu	dan mengakui bahawa anda telah membaca kami	en erken dat u onze hebt gelezen	i potwierdź, że przeczytałeś nasze	e reconheça que você leu nosso	и подтвердите, что вы прочитали нашу	และรับทราบว่าคุณได้อ่านของเราแล้ว	ve yazımızı okuduğunuzu kabul edin	і підтвердьте, що ви прочитали наш	并确认您已阅读我们的	và xác nhận rằng bạn đã đọc
youDoneHaveAccount	You don't have an account yet?	ليس لديك حساب بعد؟	Ještě nemáte účet?	Sie haben noch kein Konto?	Δεν έχετε λογαριασμό ακόμα;	¿Aún no tienes una cuenta?	Kas teil pole veel kontot?	Eikö sinulla ole vielä tiliä?	Vous n'avez pas encore de compte ?	आपके पास अभी तक कोई खाता नहीं है?	Anda belum memiliki akun?	Non hai ancora un account?	まだアカウントをお持ちではありませんか?	អ្នកមិនទាន់មានគណនីទេ?	ನೀವು ಇನ್ನೂ ಖಾತೆಯನ್ನು ಹೊಂದಿಲ್ಲವೇ?	아직 계정이 없나요?	ເຈົ້າຍັງບໍ່ມີບັນຊີບໍ?	Jums vēl nav konta?	Anda belum mempunyai akaun?	Heeft u nog geen account?	Nie masz jeszcze konta?	Você ainda não tem uma conta?	У вас еще нет учетной записи?	คุณยังไม่มีบัญชี?	Henüz bir hesabınız yok mu?	Ви ще не маєте облікового запису?	您还没有帐户？	Bạn chưa có tài khoản?
email	Email	بريد إلكتروني	E-mailem	Email	ΗΛΕΚΤΡΟΝΙΚΗ ΔΙΕΥΘΥΝΣΗ	Correo electrónico	Meil	Sähköposti	E-mail	ईमेल	Surel	E-mail	Eメール	អ៊ីមែល	ಇಮೇಲ್	이메일	ອີເມວ	E-pasts	E-mel	E-mail	E-mail	E-mail	Электронная почта	อีเมล	E-posta	Електронна пошта	电子邮件	Email
enterFullName	Enter your fullname	أدخل اسمك الكامل	Zadejte své celé jméno	Geben Sie Ihren vollständigen Namen ein	Εισαγάγετε το πλήρες όνομά σας	Introduce tu nombre completo	Sisestage oma täisnimi	Kirjoita koko nimesi	Entrez votre nom complet	अपना पूरा नाम भरें	Masukkan nama lengkapmu	Inserisci il tuo nome e cognome	フルネームを入れて下さい	បញ្ចូល​នូវ​នាម​និង​គោត្តនាម​របស់​អ្នក	ನಿಮ್ಮ ಪೂರ್ಣ ಹೆಸರನ್ನು ನಮೂದಿಸಿ	당신의 성명을 입력하십시오	ໃສ່ຊື່ເຕັມຂອງເຈົ້າ	Ievadiet savu pilno vārdu	Masukkan nama penuh anda	Vul uw volledige naam in	Wprowadź swoje imię i nazwisko	Escreva seu nome completo	Введите свое полное имя	กรอกชื่อเต็มของคุณ	Ad ve soyadınızı girin	Введіть Ваше повне ім'я	输入您的全名	Nhập tên đầy đủ của bạn
fullname	Fullname	الاسم الكامل	Celé jméno	Vollständiger Name	Πλήρες όνομα	Nombre completo	Täisnimi	Koko nimi	Nom et prénom	पूरा नाम	Nama lengkap	Nome e cognome	フルネーム	ឈ្មោះ​ពេញ	ಪೂರ್ಣ ಹೆಸರು	성명	ຊື່​ເຕັມ	Pilnais vārds	Nama penuh	Voor-en achternaam	Imię i nazwisko	Nome completo	Полное имя	ชื่อเต็ม	Ad Soyad	Повне ім'я	全名	Tên đầy đủ
pwNotMatch	Passwords do not match	كلمة المرور غير مطابقة	Hesla se neshodují	Passwörter stimmen nicht überein	Οι κωδικοί πρόσβασης δεν ταιριάζουν	Las contraseñas no coinciden	Paroolid ei kattu	Salasanat eivät täsmää	Les mots de passe ne correspondent pas	सांकेतिक शब्द मेल नहीं खाते	Sandi tidak cocok	le passwords non corrispondono	パスワードが一致していません	ពាក្យសម្ងាត់មិនត្រូវគ្នាទេ។	ಗುಪ್ತಪದಗಳುತಾಳೆಯಾಗುತ್ತಿಲ್ಲ	비밀번호가 일치하지 않습니다	ລະຫັດຜ່ານບໍ່ກົງກັນ	Paroles nesakrīt	Kata laluan tidak sepadan	Wachtwoorden komen niet overeen	Hasła nie pasują do siebie	As senhas não coincidem	Пароли не совпадают	รหัสผ่านไม่ตรงกัน	Parolalar uyuşmuyor	Паролі не збігаються	密码不匹配	Mật khẩu không phù hợp
pwTooLong	Your password can't be longer 50 characters	لا يمكن أن تزيد كلمة المرور الخاصة بك عن 50 حرفًا	Vaše heslo nemůže být delší 50 znaků	Ihr Passwort darf nicht länger als 50 Zeichen sein	Ο κωδικός πρόσβασής σας δεν μπορεί να έχει περισσότερους από 50 χαρακτήρες	Su contraseña no puede tener más de 50 caracteres	Teie parool ei tohi olla pikem kui 50 tähemärki	Salasanasi ei voi olla 50 merkin pituinen	Votre mot de passe ne peut pas contenir plus de 50 caractères	आपका पासवर्ड 50 अक्षरों से अधिक लंबा नहीं हो सकता	Kata sandi Anda tidak boleh lebih dari 50 karakter	La tua password non può contenere più di 50 caratteri	パスワードは 50 文字以内にしてください	ពាក្យសម្ងាត់របស់អ្នកមិនអាចលើសពី 50 តួអក្សរបានទេ។	ನಿಮ್ಮ ಪಾಸ್‌ವರ್ಡ್ 50 ಅಕ್ಷರಗಳಿಗಿಂತ ಹೆಚ್ಚು ಇರುವಂತಿಲ್ಲ	비밀번호는 50자 이하여야 합니다.	ລະຫັດຜ່ານຂອງທ່ານບໍ່ສາມາດມີ 50 ຕົວອັກສອນໄດ້	Jūsu parole nedrīkst būt garāka par 50 rakstzīmēm	Kata laluan anda tidak boleh melebihi 50 aksara	Uw wachtwoord mag niet langer zijn dan 50 tekens	Twoje hasło nie może mieć więcej niż 50 znaków	Sua senha não pode ter mais de 50 caracteres	Ваш пароль не может быть длиннее 50 символов	รหัสผ่านของคุณต้องมีความยาวไม่เกิน 50 ตัวอักษร	Şifreniz 50 karakterden uzun olamaz	Ваш пароль не може містити більше 50 символів	您的密码不能超过 50 个字符	Mật khẩu của bạn không thể dài hơn 50 ký tự
pwTooShort	The password must be 6 characters long or more.	يجب أن تتكون كلمة المرور من 6 أحرف أو أكثر.	Heslo musí mít 6 nebo více znaků.	Das Passwort muss mindestens 6 Zeichen lang sein.	Ο κωδικός πρόσβασης πρέπει να αποτελείται από 6 χαρακτήρες ή περισσότερους.	La contraseña debe tener 6 caracteres o más.	Parool peab olema vähemalt 6 tähemärki pikk.	Salasanan tulee olla vähintään 6 merkkiä pitkä.	Le mot de passe doit comporter 6 caractères ou plus.	पासवर्ड 6 अक्षर लंबा या अधिक होना चाहिए।	Kata sandi harus sepanjang 6 karakter atau lebih.	La password deve essere lunga 6 caratteri o più.	パスワードは6文字以上である必要があります。	ពាក្យសម្ងាត់ត្រូវតែមាន 6 តួអក្សរ ឬច្រើនជាងនេះ។	ಪಾಸ್ವರ್ಡ್ 6 ಅಕ್ಷರಗಳು ಅಥವಾ ಅದಕ್ಕಿಂತ ಹೆಚ್ಚು ಉದ್ದವಾಗಿರಬೇಕು.	비밀번호는 6자 이상이어야 합니다.	ລະຫັດຜ່ານຕ້ອງມີຄວາມຍາວ 6 ຕົວອັກສອນ ຫຼືຫຼາຍກວ່ານັ້ນ.	Parolei jābūt 6 vai vairāk rakstzīmēm garai.	Kata laluan mestilah 6 aksara panjang atau lebih.	Het wachtwoord moet 6 tekens of meer lang zijn.	Hasło musi mieć co najmniej 6 znaków.	A senha deve ter 6 caracteres ou mais.	Пароль должен иметь длину не менее 6 символов.	รหัสผ่านต้องมีความยาว 6 ตัวอักษรขึ้นไป	Şifre 6 karakter uzunluğunda veya daha fazla olmalıdır.	Пароль має містити 6 або більше символів.	密码长度必须为 6 个字符或更多。	Mật khẩu phải dài từ 6 ký tự trở lên.
emailHasBeenUsed	The email address has been registered	لقد تم تسجيل عنوان البريد الإلكتروني	E-mailová adresa byla zaregistrována	Die E-Mail-Adresse wurde registriert	Η διεύθυνση email έχει καταχωρηθεί	La dirección de correo electrónico ha sido registrada.	Meiliaadress on registreeritud	Sähköpostiosoite on rekisteröity	L'adresse email a été enregistrée	ईमेल पता पंजीकृत कर दिया गया है	Alamat email telah terdaftar	L'indirizzo email è stato registrato	メールアドレスが登録されました	អាសយដ្ឋានអ៊ីមែលត្រូវបានចុះឈ្មោះ	ಇಮೇಲ್ ವಿಳಾಸವನ್ನು ನೋಂದಾಯಿಸಲಾಗಿದೆ	이메일 주소가 등록되었습니다	ທີ່ຢູ່ອີເມວໄດ້ຖືກລົງທະບຽນ	E-pasta adrese ir reģistrēta	Alamat e-mel telah didaftarkan	Het e-mailadres is geregistreerd	Adres e-mail został zarejestrowany	O endereço de e-mail foi registrado	Адрес электронной почты зарегистрирован	ที่อยู่อีเมลได้รับการลงทะเบียนแล้ว	E-posta adresi kaydedildi	Електронну адресу зареєстровано	该电子邮件地址已被注册	Địa chỉ email đã được đăng ký
emailInvalidFormat	Please enter a valid email address	يرجى إدخال عنوان بريد إلكتروني صالح	Prosím zadejte platnou emailovou adresu	Bitte geben Sie eine gültige E-Mail-Adresse ein	Παρακαλώ εισάγετε μια έγκυρη διεύθυνση ηλεκτρονικού ταχυδρομείου	Por favor, introduce una dirección de correo electrónico válida	Palun sisesta kehtiv e-posti aadress	Ole hyvä ja syötä toimiva sähköpostiosoite	S'il vous plaît, mettez une adresse email valide	कृपया एक मान्य ईमेल पता प्रविष्ट करें	silakan isi alamat email	Si prega di inserire un indirizzo email valido	有効なメールアドレスを入力してください	សូមបញ្ចូលអាសយដ្ឋានអ៊ីមែលត្រឹមត្រូវ។	ದಯವಿಟ್ಟು ಸರಿಯಾದ ಇಮೇಲ್ ವಿಳಾಸವನ್ನು ನಮೂದಿಸಿ	유효한 이메일 주소를 입력하세요	ກະລຸນາໃສ່ທີ່ຢູ່ອີເມວທີ່ຖືກຕ້ອງ	Lūdzu ievadiet derīgu e-pasta adresi	Sila masukkan alamat emel yang sah	Gelieve een geldig e-mailadres in te geven	Proszę wpisać aktualny adres e-mail	Por favor insira um endereço de e-mail válido	Пожалуйста, введите действительный адрес электронной почты	กรุณาใส่อีเมล์ที่ถูกต้อง	Geçerli bir e	Будь ласка, введіть дійсну адресу електронної пошти	请输入有效的电子邮件地址	Vui lòng nhập địa chỉ email hợp lệ
enterYourEmail	Enter your email	أدخل بريدك الإلكتروني	Vložte svůj e-mail	Geben sie ihre E-Mail Adresse ein	Συμπληρώστε το email σας	Introduce tu correo electrónico	Sisestage oma e-posti aadress	Syötä sähköpostiosoitteesi	Entrer votre Email	अपना ईमेल दर्ज करें	Masukkan email Anda	Inserisci il tuo indirizzo email	メールアドレスを入力	បញ្ចូលអ៊ីមែលរបស់អ្នក។	ನಿಮ್ಮ ಇಮೇಲ್ ನಮೂದಿಸಿ	이메일을 입력하세요	ໃສ່ອີເມວຂອງເຈົ້າ	Ievadi savu epastu	Masukkan emel anda	Voer uw e-mailadres in	Wprowadź swój email	Digite seu e-mail	Введите адрес электронной почты	กรอกอีเมล์ของคุณ	E-postanızı giriniz	Введіть адресу електронної пошти	输入你的电子邮箱	Nhập email của bạn
createPWdetails	Create a strong password with a mixture of letters, numbers and symbols	قم بإنشاء كلمة مرور قوية مكونة من مزيج من الحروف والأرقام والرموز	Vytvořte silné heslo se směsí písmen, číslic a symbolů	Erstellen Sie ein sicheres Passwort mit einer Mischung aus Buchstaben, Zahlen und Symbolen	Δημιουργήστε έναν ισχυρό κωδικό πρόσβασης με ένα μείγμα γραμμάτων, αριθμών και συμβόλων	Crea una contraseña segura con una combinación de letras, números y símbolos	Looge tugev parool, mis koosneb tähtedest, numbritest ja sümbolitest	Luo vahva salasana, jossa on sekoitus kirjaimia, numeroita ja symboleja	Créez un mot de passe fort avec un mélange de lettres, de chiffres et de symboles	अक्षरों, संख्याओं और प्रतीकों के मिश्रण से एक मजबूत पासवर्ड बनाएं	Buat kata sandi yang kuat dengan campuran huruf, angka, dan simbol	Crea una password complessa con una combinazione di lettere, numeri e simboli	文字、数字、記号を組み合わせた強力なパスワードを作成する	បង្កើត​ពាក្យ​សម្ងាត់​រឹងមាំ​ជាមួយ​នឹង​អក្សរ លេខ និង​និមិត្តសញ្ញា	ಅಕ್ಷರಗಳು, ಸಂಖ್ಯೆಗಳು ಮತ್ತು ಚಿಹ್ನೆಗಳ ಮಿಶ್ರಣದೊಂದಿಗೆ ಬಲವಾದ ಪಾಸ್ವರ್ಡ್ ಅನ್ನು ರಚಿಸಿ	문자, 숫자, 기호를 조합하여 강력한 비밀번호를 만드세요	ສ້າງລະຫັດຜ່ານທີ່ເຂັ້ມແຂງດ້ວຍການປະສົມຂອງຕົວອັກສອນ, ຕົວເລກແລະສັນຍາລັກ	Izveidojiet spēcīgu paroli ar burtu, ciparu un simbolu kombināciju	Cipta kata laluan yang kukuh dengan gabungan huruf, nombor dan simbol	Creëer een sterk wachtwoord met een combinatie van letters, cijfers en symbolen	Utwórz silne hasło składające się z kombinacji liter, cyfr i symboli	Crie uma senha forte com uma mistura de letras, números e símbolos	Создайте надежный пароль, состоящий из букв, цифр и символов.	สร้างรหัสผ่านที่รัดกุมโดยผสมตัวอักษร ตัวเลข และสัญลักษณ์เข้าด้วยกัน	Harf, rakam ve simgelerin karışımından oluşan güçlü bir şifre oluşturun	Створіть надійний пароль із суміші літер, цифр і символів	创建由字母、数字和符号混合组成的强密码	Tạo mật khẩu mạnh bằng sự kết hợp của các chữ cái, số và ký hiệu
forgotPassword	Forgot password?	هل نسيت كلمة السر؟	Zapomenuté heslo?	Passwort vergessen?	Ξεχάσατε τον κωδικό;	¿Has olvidado tu contraseña?	Unustasid parooli?	Unohtuiko salasana?	Mot de passe oublié?	पासवर्ड भूल गए?	Tidak ingat kata sandi?	Ha dimenticato la password?	パスワードをお忘れですか？	ភ្លេច​លេខសំងាត់​?	ಪಾಸ್ವರ್ಡ್ ಮರೆತಿರಾ?	비밀번호를 잊으 셨나요?	ລືມລະຫັດຜ່ານ?	Aizmirsi paroli?	lupa kata laluan?	Wachtwoord vergeten?	Zapomniałeś hasła?	Esqueceu sua senha?	Забыли пароль?	ลืมรหัสผ่าน?	Parolanızı mı unuttunuz?	Забули пароль?	忘记密码？	Quên mật khẩu?
cannotLogin	Can't login, please try again or log in with a different method	لا يمكن تسجيل الدخول، يرجى المحاولة مرة أخرى أو تسجيل الدخول بطريقة مختلفة	Nelze se přihlásit, zkuste to prosím znovu nebo se přihlaste jiným způsobem	Anmeldung nicht möglich. Bitte versuchen Sie es erneut oder melden Sie sich mit einer anderen Methode an	Δεν είναι δυνατή η σύνδεση, δοκιμάστε ξανά ή συνδεθείτε με διαφορετική μέθοδο	No puedo iniciar sesión, inténtalo de nuevo o inicia sesión con un método diferente	Ei saa sisse logida, proovige uuesti või logige sisse mõne muu meetodiga	Kirjautuminen ei onnistu, yritä uudelleen tai kirjaudu sisään toisella tavalla	Impossible de se connecter, veuillez réessayer ou vous connecter avec une autre méthode	लॉगिन नहीं कर सकते, कृपया पुनः प्रयास करें या किसी भिन्न विधि से लॉग इन करें	Tidak dapat login, silakan coba lagi atau login dengan metode lain	Impossibile accedere, riprova o accedi con un metodo diverso	ログインできません。もう一度試すか、別の方法でログインしてください	មិនអាចចូលបានទេ សូមព្យាយាមម្តងទៀត ឬចូលដោយប្រើវិធីផ្សេង	ಲಾಗಿನ್ ಮಾಡಲು ಸಾಧ್ಯವಿಲ್ಲ, ದಯವಿಟ್ಟು ಮತ್ತೆ ಪ್ರಯತ್ನಿಸಿ ಅಥವಾ ಬೇರೆ ವಿಧಾನದೊಂದಿಗೆ ಲಾಗ್ ಇನ್ ಮಾಡಿ	로그인할 수 없습니다. 다시 시도하거나 다른 방법으로 로그인하십시오.	ບໍ່ສາມາດເຂົ້າສູ່ລະບົບໄດ້, ກະລຸນາລອງອີກຄັ້ງ ຫຼືເຂົ້າສູ່ລະບົບດ້ວຍວິທີອື່ນ	Nevar pieteikties, lūdzu, mēģiniet vēlreiz vai piesakieties ar citu metodi	Tidak boleh log masuk, sila cuba lagi atau log masuk dengan kaedah lain	Kan niet inloggen, probeer het opnieuw of log op een andere manier in	Nie można się zalogować. Spróbuj ponownie lub zaloguj się inną metodą	Não é possível fazer login, tente novamente ou faça login com um método diferente	Не могу войти, попробуйте еще раз или войдите другим способом.	ไม่สามารถเข้าสู่ระบบได้ โปรดลองอีกครั้งหรือเข้าสู่ระบบด้วยวิธีอื่น	Giriş yapılamıyor, lütfen tekrar deneyin veya farklı bir yöntemle giriş yapın	Не вдається ввійти, спробуйте ще раз або ввійдіть іншим способом	无法登录，请重试或使用其他方式登录	Không thể đăng nhập, vui lòng thử lại hoặc đăng nhập bằng phương pháp khác
deactiveAccountVerify	Are you sure you want to deactivate your account?	هل أنت متأكد أنك تريد إلغاء تنشيط حسابك؟	Opravdu chcete deaktivovat svůj účet?	Sind Sie sicher, dass Sie Ihr Konto deaktivieren möchten?	Είστε βέβαιοι ότι θέλετε να απενεργοποιήσετε τον λογαριασμό σας;	¿Estás seguro de que deseas desactivar tu cuenta?	Kas olete kindel, et soovite oma konto deaktiveerida?	Haluatko varmasti poistaa tilisi käytöstä?	Etes-vous sûr de vouloir désactiver votre compte ?	क्या आप वाकई अपना खाता निष्क्रिय करना चाहते हैं?	Apakah Anda yakin ingin menonaktifkan akun Anda?	Sei sicuro di voler disattivare il tuo account?	アカウントを無効化してもよろしいですか?	តើអ្នកប្រាកដថាចង់បិទគណនីរបស់អ្នកមែនទេ?	ನಿಮ್ಮ ಖಾತೆಯನ್ನು ನಿಷ್ಕ್ರಿಯಗೊಳಿಸಲು ನೀವು ಖಚಿತವಾಗಿ ಬಯಸುವಿರಾ?	정말로 계정을 비활성화하시겠습니까?	ທ່ານແນ່ໃຈບໍ່ວ່າຕ້ອງການປິດການນຳໃຊ້ບັນຊີຂອງທ່ານ?	Vai tiešām vēlaties deaktivizēt savu kontu?	Adakah anda pasti mahu menyahaktifkan akaun anda?	Weet u zeker dat u uw account wilt deactiveren?	Czy na pewno chcesz dezaktywować swoje konto?	Tem certeza de que deseja desativar sua conta?	Вы уверены, что хотите деактивировать свою учетную запись?	คุณแน่ใจหรือไม่ว่าต้องการปิดการใช้งานบัญชีของคุณ?	Hesabınızı devre dışı bırakmak istediğinizden emin misiniz?	Ви впевнені, що бажаєте деактивувати свій обліковий запис?	您确定要停用您的帐户吗？	Bạn có chắc chắn muốn hủy xóa tài khoản của mình không?
termsOfUse	Terms of Use	شروط الاستخدام	Podmínky použití	Nutzungsbedingungen	Οροι χρήσης	Condiciones de uso	Kasutustingimused	Käyttöehdot	Conditions d'utilisation	उपयोग की शर्तें	Syarat Penggunaan	Termini di utilizzo	利用規約	ល័ក្ខខ័ណ្ឌនៃការប្រើប្រាស់	ಬಳಕೆಯ ನಿಯಮಗಳು	이용약관	ເງື່ອນໄຂການນໍາໃຊ້	Lietošanas noteikumi	Syarat Penggunaan	Gebruiksvoorwaarden	Warunki korzystania	Termos de uso	Условия эксплуатации	ข้อกำหนดการใช้งาน	Kullanım Şartları	Умови використання	使用条款	Điều khoản sử dụng
accounts	Accounts	حسابات	Účty	Konten	Λογαριασμοί	Cuentas	Kontod	Tilit	Comptes	हिसाब किताब	Akun	Conti	アカウント	គណនី	ಖಾತೆಗಳು	계정	ບັນຊີ	Konti	Akaun	Rekeningen	Konta	Contas	Счета	บัญชี	Hesaplar	Облікові записи	账户	Tài khoản
account	Account	حساب	Účet	Konto	λογαριασμός	Cuenta	Konto	Tili	Compte	खाता	Akun	Account	アカウント	គណនី	ಖಾತೆ	계정	ບັນຊີ	Konts	Akaun	Rekening	Konto	Conta	Счет	บัญชี	Hesap	Обліковий запис	帐户	Tài khoản
deleteAccount	Delete Account	حذف الحساب	Smazat účet	Konto löschen	Διαγραφή λογαριασμού	Borrar cuenta	Kustuta konto	Poista tili	Supprimer le compte	खाता हटा दो	Hapus akun	Eliminare l'account	アカウントを削除する	លុប​គណនី	ಖಾತೆಯನ್ನು ಅಳಿಸಿ	계정 삭제	ລຶບບັນຊີ	Dzēst kontu	Padam Akaun	Account verwijderen	Usuń konto	Deletar conta	Удалить аккаунт	ลบบัญชี	Hesabı sil	Видалити аккаунт	删除帐户	Xóa tài khoản
following	Following	التالي	Následující	Nachfolgend	ΕΠΟΜΕΝΟ	Siguiente	Järgnev	Seurata	Suivant	अगले	Mengikuti	Seguente	続く	កំពុងតាម	ಅನುಸರಿಸುತ್ತಿದೆ	수행원	ຕິດຕາມ	Sekojošs	Mengikuti	Als vervolg op	Następny	Seguindo	Следующий	กำลังติดตาม	Takip etme	Слідую	下列的	Đang theo dõi
followers	Followers	متابعون	Následovníci	Anhänger	Οπαδοί	Seguidores	Jälgijad	Seuraajat	Suiveurs	समर्थक	Pengikut	Seguaci	フォロワー	អ្នកដើរតាម	ಅನುಯಾಯಿಗಳು	추종자	ຜູ້ຕິດຕາມ	Sekotāji	Pengikut	Volgers	Obserwujący	Seguidores	Последователи	ผู้ติดตาม	Takipçiler	Послідовники	追随者	Người theo dõi
like	Like	يحب	Jako	Wie	Αρέσει	Como	meeldib	Kuten	Comme	पसंद	Menyukai	Come	のように	ចូលចិត្ត	ಇಷ್ಟ	좋다	ມັກ	Patīk	Suka	Leuk vinden	Tak jak	Como	Нравиться	ชอบ	Beğenmek	Люблю	喜欢	Thích
report	Report	تقرير	Zpráva	Bericht	Κανω ΑΝΑΦΟΡΑ	Informe	Aruanne	Raportoi	Rapport	प्रतिवेदन	Laporan	Rapporto	報告	រាយការណ៍	ವರದಿ	보고서	ລາຍງານ	Ziņot	Laporan	Rapport	Raport	Relatório	Отчет	รายงาน	Rapor	звіт	报告	Báo cáo
additionalDetails	Additional details	تفاصيل اضافية	Další detaily	Weitere Details	Επιπλέον Λεπτομέρειες	Detalles adicionales	Täiendavad üksikasjad	Lisätiedot	Détails supplémentaires	अतिरिक्त विवरण	Detil tambahan	Dettagli aggiuntivi	さらなる詳細	ព័ត៌មានលម្អិតបន្ថែម	ಹೆಚ್ಚುವರಿ ವಿವರಗಳು	추가 세부 사항	ລາຍລະອຽດເພີ່ມເຕີມ	Papildu informācija	Maklumat tambahan	Aanvullende details	Dodatkowe Szczegóły	Detalhes adicionais	Дополнительные детали	รายละเอียดเพิ่มเติม	Ek detaylar	Додаткова інформація	额外细节	Chi tiết bổ sung
bio	Bio	السيرة الذاتية	Bio	Bio	Bio	Biografía	Bio	Bio	Biographie	जैव	Biografi	Bio	バイオ	ជីវ	ಜೈವಿಕ	바이오	ຊີວະພາບ	Bio	Bio	Bio	Życiorys	Biografia	Био	ไบโอ	Biyografi	біографія	简介	Tiểu sử
orString	or	أو	nebo	oder	ή	o	või	tai	ou	या	atau	O	または	ឬ	ಅಥವಾ	또는	ຫຼື	vai	atau	of	Lub	ou	или	หรือ	veya	або	或者	hoặc
enterEmailDescription	This email will be used to log in and receive a password recovery code if you forget your password.	سيتم استخدام هذا البريد الإلكتروني لتسجيل الدخول واستلام رمز استعادة كلمة المرور إذا نسيت كلمة المرور الخاصة بك.	Tento e-mail bude použit k přihlášení a obdržení kódu pro obnovení hesla, pokud heslo zapomenete.	Mit dieser E-Mail-Adresse können Sie sich anmelden und erhalten einen Passwort-Wiederherstellungscode, falls Sie Ihr Passwort vergessen.	Αυτό το email θα χρησιμοποιηθεί για να συνδεθείτε και να λάβετε έναν κωδικό ανάκτησης κωδικού πρόσβασης εάν ξεχάσετε τον κωδικό πρόσβασής σας.	Este correo electrónico se utilizará para iniciar sesión y recibir un código de recuperación de contraseña si la olvida.	Seda meili kasutatakse sisselogimiseks ja parooli taastamise koodi saamiseks, kui olete parooli unustanud.	Tätä sähköpostiosoitetta käytetään kirjautumiseen ja salasanan palautuskoodin vastaanottamiseen, jos unohdat salasanasi.	Cet e-mail sera utilisé pour vous connecter et recevoir un code de récupération de mot de passe si vous oubliez votre mot de passe.	यदि आप अपना पासवर्ड भूल जाते हैं तो इस ईमेल का उपयोग लॉग इन करने और पासवर्ड पुनर्प्राप्ति कोड प्राप्त करने के लिए किया जाएगा।	Email ini akan digunakan untuk login dan menerima kode pemulihan kata sandi jika Anda lupa kata sandi.	Questa email verrà utilizzata per accedere e ricevere un codice di recupero password se dimentichi la password.	この電子メールは、パスワードを忘れた場合にログインし、パスワード回復コードを受け取るために使用されます。	អ៊ីមែលនេះនឹងត្រូវបានប្រើដើម្បីចូល និងទទួលលេខកូដសង្គ្រោះពាក្យសម្ងាត់ ប្រសិនបើអ្នកភ្លេចពាក្យសម្ងាត់របស់អ្នក។	ನಿಮ್ಮ ಪಾಸ್‌ವರ್ಡ್ ಅನ್ನು ನೀವು ಮರೆತರೆ ಪಾಸ್‌ವರ್ಡ್ ಮರುಪಡೆಯುವಿಕೆ ಕೋಡ್ ಅನ್ನು ಲಾಗ್ ಇನ್ ಮಾಡಲು ಮತ್ತು ಸ್ವೀಕರಿಸಲು ಈ ಇಮೇಲ್ ಅನ್ನು ಬಳಸಲಾಗುತ್ತದೆ.	이 이메일은 비밀번호를 잊어버린 경우 로그인하고 비밀번호 복구 코드를 받는 데 사용됩니다.	ອີເມວນີ້ຈະຖືກໃຊ້ເພື່ອເຂົ້າສູ່ລະບົບ ແລະຮັບລະຫັດກູ້ລະຫັດຜ່ານຖ້າທ່ານລືມລະຫັດຜ່ານຂອງທ່ານ.	Šis e-pasts tiks izmantots, lai pieteiktos un saņemtu paroles atkopšanas kodu, ja aizmirsīsit paroli.	E-mel ini akan digunakan untuk log masuk dan menerima kod pemulihan kata laluan jika anda terlupa kata laluan anda.	Deze e-mail wordt gebruikt om in te loggen en een wachtwoordherstelcode te ontvangen als u uw wachtwoord vergeet.	Ten adres e-mail zostanie użyty do zalogowania się i otrzymania kodu odzyskiwania hasła, jeśli zapomnisz hasła.	Este e-mail será usado para fazer login e receber um código de recuperação de senha caso você esqueça sua senha.	Этот адрес электронной почты будет использоваться для входа в систему и получения кода восстановления пароля, если вы забудете свой пароль.	อีเมลนี้จะใช้ในการเข้าสู่ระบบและรับรหัสกู้คืนรหัสผ่านหากคุณลืมรหัสผ่าน	Bu e-posta, şifrenizi unutmanız durumunda oturum açmak ve şifre kurtarma kodunu almak için kullanılacaktır.	Цей електронний лист буде використано для входу та отримання коду відновлення пароля, якщо ви забудете свій пароль.	如果您忘记密码，此电子邮件将用于登录并接收密码恢复代码。	Email này sẽ dùng để đăng nhập và nhận mã khôi phục mật khẩu nếu bạn quên mật khẩu.
createPW	Create a password	أنشئ كلمة مرور	Vytvořit heslo	Erstellen Sie ein Passwort	Δημιούργησε έναν κωδικό	Crear una contraseña	Loo parool	Luo salasana	Créer un mot de passe	एक पासवर्ड बनाएं	buat kata sandi	Crea una password	パスワードを作成	បង្កើត​លេខសំងាត់	ರಹಸ್ಯಪದ ಸೃಷ್ಟಿಸಿ	비밀번호 만들기	ສ້າງ​ລະ​ຫັດ​ຜ່ານ	Izveidot paroli	Buat kata laluan	Creëer een wachtwoord	Stwórz hasło	Criar uma senha	Создать пароль	สร้างรหัสผ่าน	Bir şifre oluşturun	Створіть пароль	创建密码	Tạo một mật khẩu
confirmPW	Confirm Password	تأكيد كلمة المرور	Potvrďte heslo	Bestätige das Passwort	Επιβεβαίωση Κωδικού	confirmar Contraseña	Kinnita salasõna	Vahvista salasana	Confirmez le mot de passe	पासवर्ड की पुष्टि कीजिये	konfirmasi sandi	Conferma password	パスワードを認証する	បញ្ជាក់ពាក្យសម្ងាត់	ಪಾಸ್ವರ್ಡ್ ದೃಢೀಕರಿಸಿ	비밀번호 확인	ຢືນ​ຢັນ​ລະ​ຫັດ	apstipriniet paroli	Sahkan Kata Laluan	bevestig wachtwoord	Potwierdź hasło	Confirme sua senha	Подтвердите пароль	ยืนยันรหัสผ่าน	Şifreyi Onayla	Підтвердьте пароль	确认密码	Xác nhận mật khẩu
enterFullNameDescription	You can enter your name or nickname to display in the application.	يمكنك إدخال اسمك أو لقبك لعرضه في التطبيق.	Můžete zadat své jméno nebo přezdívku, která se zobrazí v aplikaci.	Sie können Ihren Namen oder Spitznamen eingeben, um ihn in der Anwendung anzuzeigen.	Μπορείτε να εισαγάγετε το όνομα ή το ψευδώνυμό σας για εμφάνιση στην εφαρμογή.	Puede ingresar su nombre o apodo para mostrarlo en la aplicación.	Saate sisestada oma nime või hüüdnime, mida rakenduses kuvada.	Voit kirjoittaa nimesi tai lempinimesi näytettäväksi sovelluksessa.	Vous pouvez saisir votre nom ou votre pseudo à afficher dans l'application.	आप एप्लिकेशन में प्रदर्शित करने के लिए अपना नाम या उपनाम दर्ज कर सकते हैं।	Anda dapat memasukkan nama atau nama panggilan Anda untuk ditampilkan di aplikasi.	Puoi inserire il tuo nome o nickname da visualizzare nell'applicazione.	名前やニックネームを入力してアプリケーションに表示できます。	អ្នកអាចបញ្ចូលឈ្មោះ ឬសម្មតិនាមរបស់អ្នក ដើម្បីបង្ហាញក្នុងកម្មវិធី។	ಅಪ್ಲಿಕೇಶನ್‌ನಲ್ಲಿ ಪ್ರದರ್ಶಿಸಲು ನಿಮ್ಮ ಹೆಸರು ಅಥವಾ ಅಡ್ಡಹೆಸರನ್ನು ನೀವು ನಮೂದಿಸಬಹುದು.	이름이나 닉네임을 입력하여 애플리케이션에 표시할 수 있습니다.	ທ່ານສາມາດໃສ່ຊື່ຫຼືຊື່ຫຼິ້ນຂອງທ່ານເພື່ອສະແດງຢູ່ໃນແອັບພລິເຄຊັນ.	Varat ievadīt savu vārdu vai segvārdu, ko parādīt lietojumprogrammā.	Anda boleh memasukkan nama atau nama panggilan anda untuk dipaparkan dalam aplikasi.	U kunt uw naam of bijnaam invoeren om in de applicatie weer te geven.	Możesz wpisać swoje imię i nazwisko lub pseudonim, który będzie wyświetlany w aplikacji.	Você pode inserir seu nome ou apelido para exibir no aplicativo.	Вы можете ввести свое имя или псевдоним для отображения в приложении.	คุณสามารถป้อนชื่อหรือชื่อเล่นของคุณเพื่อแสดงในแอปพลิเคชัน	Uygulamada görüntülenecek adınızı veya takma adınızı girebilirsiniz.	Ви можете ввести своє ім'я або псевдонім для відображення в програмі.	您可以输入要在应用程序中显示的姓名或昵称。	Bạn có thể nhập tên hoặc biệt danh của mình để hiển thị trong ứng dụng.
hidePost	Hide post	آخر اخفاء	Skrýt příspěvek	Beitrag ausblenden	Απόκρυψη ανάρτησης	Esconder la publicación	Peida postitus	Piilota viesti	Masquer le message	पोस्ट छिपाएं	Sembunyikan postingan	Nascondi messaggio	投稿を非表示にする	លាក់ប្រកាស	ಪೋಸ್ಟ್ ಮರೆಮಾಡಿ	게시물 숨기기	ເຊື່ອງໂພສ	Slēpt ziņu	Sembunyikan siaran	Post verbergen	Ukryj post	Esconder publicação	Скрыть публикацию	ซ่อนโพสต์	Gönderiyi gizle	Приховати публікацію	隐藏帖子	Ẩn bài đăng
cantGetAppleEmail	Unable to retrieve your email, please grant permission to retrieve email to apple id or try again with another login method.	غير قادر على استرداد بريدك الإلكتروني، يرجى منح الإذن لاسترداد البريد الإلكتروني إلى معرف Apple أو المحاولة مرة أخرى باستخدام طريقة تسجيل دخول أخرى.	Nepodařilo se načíst váš e-mail, udělte prosím povolení k načtení e-mailu pro Apple id nebo to zkuste znovu s jiným způsobem přihlášení.	Ihre E-Mail konnte nicht abgerufen werden. Bitte erteilen Sie der Apple-ID die Berechtigung zum Abrufen der E-Mail oder versuchen Sie es erneut mit einer anderen Anmeldemethode.	Δεν είναι δυνατή η ανάκτηση του email σας, παραχωρήστε άδεια ανάκτησης email στο apple id ή δοκιμάστε ξανά με άλλη μέθοδο σύνδεσης.	No se puede recuperar su correo electrónico, otorgue permiso para recuperar el correo electrónico a la ID de Apple o intente nuevamente con otro método de inicio de sesión.	Teie e-posti ei õnnestu taastada, andke luba meili toomiseks Apple ID-le või proovige uuesti mõne muu sisselogimismeetodiga.	Sähköpostiasi ei voi noutaa, anna lupa sähköpostin hakemiseen Apple ID:hen tai yritä uudelleen toisella kirjautumistavalla.	Impossible de récupérer votre e-mail, veuillez accorder l'autorisation de récupérer l'e-mail sur l'identifiant Apple ou réessayez avec une autre méthode de connexion.	अपना ईमेल पुनर्प्राप्त करने में असमर्थ, कृपया ऐप्पल आईडी पर ईमेल पुनर्प्राप्त करने की अनुमति दें या किसी अन्य लॉगिन विधि से पुनः प्रयास करें।	Tidak dapat mengambil email Anda, berikan izin untuk mengambil email ke ID Apple atau coba lagi dengan metode login lain.	Impossibile recuperare la tua email, concedi l'autorizzazione per recuperare l'email all'ID Apple o riprova con un altro metodo di accesso.	メールを取得できません。Apple ID にメールを取得する許可を与えるか、別のログイン方法でもう一度お試しください。	មិន​អាច​ទៅ​យក​អ៊ីមែល​របស់​អ្នក​បាន​ទេ សូម​ផ្តល់​ការ​អនុញ្ញាត​ដើម្បី​ទៅ​យក​អ៊ីមែល​ទៅ apple id ឬ​ព្យាយាម​ម្ដង​ទៀត​ជាមួយ​នឹង​វិធីសាស្ត្រ​ចូល​ផ្សេង​ទៀត។	ನಿಮ್ಮ ಇಮೇಲ್ ಅನ್ನು ಹಿಂಪಡೆಯಲು ಸಾಧ್ಯವಾಗುತ್ತಿಲ್ಲ, ದಯವಿಟ್ಟು apple id ಗೆ ಇಮೇಲ್ ಹಿಂಪಡೆಯಲು ಅನುಮತಿ ನೀಡಿ ಅಥವಾ ಇನ್ನೊಂದು ಲಾಗಿನ್ ವಿಧಾನದೊಂದಿಗೆ ಮತ್ತೆ ಪ್ರಯತ್ನಿಸಿ.	이메일을 검색할 수 없습니다. Apple ID에 이메일 검색 권한을 부여하거나 다른 로그인 방법으로 다시 시도하세요.	ບໍ່ສາມາດດຶງຂໍ້ມູນອີເມວຂອງທ່ານໄດ້, ກະລຸນາໃຫ້ສິດໃນການດຶງຂໍ້ມູນອີເມວໄປຫາ apple id ຫຼືລອງໃໝ່ອີກດ້ວຍວິທີການເຂົ້າສູ່ລະບົບອື່ນ.	Nevar izgūt jūsu e-pastu, lūdzu, piešķiriet atļauju izgūt e-pastu uz Apple id vai mēģiniet vēlreiz, izmantojot citu pieteikšanās metodi.	Tidak dapat mendapatkan semula e-mel anda, sila berikan kebenaran untuk mendapatkan semula e-mel ke id apple atau cuba lagi dengan kaedah log masuk yang lain.	Kan uw e-mailadres niet ophalen. Geef toestemming om uw e-mail op te halen via Apple ID of probeer het opnieuw met een andere inlogmethode.	Nie można odzyskać Twojego adresu e-mail. Zezwól na jego odzyskanie na konto Apple ID lub spróbuj ponownie, korzystając z innej metody logowania.	Não foi possível recuperar seu e-mail. Conceda permissão para recuperar o e-mail para o ID Apple ou tente novamente com outro método de login.	Не удалось получить вашу электронную почту, дайте разрешение на получение электронной почты для Apple ID или повторите попытку, используя другой метод входа.	ไม่สามารถเรียกอีเมลของคุณได้ โปรดให้สิทธิ์ในการเรียกอีเมลไปที่ apple id หรือลองอีกครั้งโดยใช้วิธีการเข้าสู่ระบบอื่น	E-postanız alınamıyor. Lütfen e-postanın Apple kimliğine alınmasına izin verin veya başka bir oturum açma yöntemiyle tekrar deneyin.	Не вдається отримати вашу електронну пошту, будь ласка, надайте дозвіл на отримання електронної пошти на Apple ID або повторіть спробу з іншим способом входу.	无法检索您的电子邮件，请向 apple id 授予检索电子邮件的权限，或使用其他登录方法重试。	Không thể truy xuất email của bạn, vui lòng cấp quyền truy xuất email tới id apple hoặc thử lại bằng phương thức đăng nhập khác.
signInWithApple	Sign in with Apple	تسجيل الدخول مع أبل	Přihlaste se pomocí Apple	Melden Sie sich bei Apple an	Συνδεθείτε με την Apple	Iniciar sesión con Apple	Logige sisse Apple'iga	Kirjaudu sisään Applella	Connectez-vous avec Apple	Apple के साथ साइन इन करें	Masuk dengan Apple	Accedi con Apple	Apple でサインインする	ចូលជាមួយ Apple	Apple ನೊಂದಿಗೆ ಸೈನ್ ಇನ್ ಮಾಡಿ	Apple로 로그인	ເຂົ້າສູ່ລະບົບດ້ວຍ Apple	Pierakstieties ar Apple	Log masuk dengan Apple	Log in met Apple	Zaloguj się za pomocą Apple	Faça login com a Apple	Войти с помощью Apple	ลงชื่อเข้าใช้ด้วย Apple	Apple'la oturum açın	Увійдіть за допомогою Apple	使用 Apple 登录	Đăng nhập bằng Apple
recoverMessage	You don't have an account because it has been deleted or disabled. If you want to recover your account, send us a request.	ليس لديك حساب لأنه تم حذفه أو تعطيله. إذا كنت تريد استرداد حسابك، أرسل لنا طلبًا.	Nemáte účet, protože byl smazán nebo deaktivován. Pokud chcete obnovit svůj účet, zašlete nám žádost.	Sie haben kein Konto, da es gelöscht oder deaktiviert wurde. Wenn Sie Ihr Konto wiederherstellen möchten, senden Sie uns eine Anfrage.	Δεν έχετε λογαριασμό επειδή έχει διαγραφεί ή απενεργοποιηθεί. Εάν θέλετε να ανακτήσετε τον λογαριασμό σας, στείλτε μας ένα αίτημα.	No tienes una cuenta porque ha sido eliminada o deshabilitada. Si desea recuperar su cuenta, envíenos una solicitud.	Teil pole kontot, kuna see on kustutatud või keelatud. Kui soovite oma kontot taastada, saatke meile taotlus.	Sinulla ei ole tiliä, koska se on poistettu tai poistettu käytöstä. Jos haluat palauttaa tilisi, lähetä meille pyyntö.	Vous n'avez pas de compte car il a été supprimé ou désactivé. Si vous souhaitez récupérer votre compte, envoyez-nous une demande.	आपके पास कोई खाता नहीं है क्योंकि इसे हटा दिया गया है या अक्षम कर दिया गया है। यदि आप अपना खाता पुनर्प्राप्त करना चाहते हैं, तो हमें एक अनुरोध भेजें।	Anda tidak memiliki akun karena telah dihapus atau dinonaktifkan. Jika Anda ingin memulihkan akun Anda, kirimkan permintaan kepada kami.	Non hai un account perché è stato eliminato o disabilitato. Se vuoi recuperare il tuo account, inviaci una richiesta.	削除されたか無効になっているため、アカウントがありません。アカウントを回復したい場合は、リクエストを送信してください。	អ្នកមិនមានគណនីទេព្រោះវាត្រូវបានលុប ឬបិទ។ ប្រសិនបើអ្នកចង់សង្គ្រោះគណនីរបស់អ្នក សូមផ្ញើសំណើមកយើង។	ನೀವು ಖಾತೆಯನ್ನು ಹೊಂದಿಲ್ಲ ಏಕೆಂದರೆ ಅದನ್ನು ಅಳಿಸಲಾಗಿದೆ ಅಥವಾ ನಿಷ್ಕ್ರಿಯಗೊಳಿಸಲಾಗಿದೆ. ನಿಮ್ಮ ಖಾತೆಯನ್ನು ಮರುಪಡೆಯಲು ನೀವು ಬಯಸಿದರೆ, ನಮಗೆ ವಿನಂತಿಯನ್ನು ಕಳುಹಿಸಿ.	계정이 삭제되었거나 비활성화되었기 때문에 계정이 없습니다. 계정을 복구하려면 요청을 보내주세요.	ທ່ານບໍ່ມີບັນຊີເພາະມັນຖືກລຶບ ຫຼືປິດການນຳໃຊ້ແລ້ວ. ຖ້າທ່ານຕ້ອງການກູ້ຄືນບັນຊີຂອງທ່ານ, ກະລຸນາສົ່ງຄໍາຮ້ອງຂໍໃຫ້ພວກເຮົາ.	Jums nav konta, jo tas ir dzēsts vai atspējots. Ja vēlaties atgūt savu kontu, nosūtiet mums pieprasījumu.	Anda tidak mempunyai akaun kerana ia telah dipadamkan atau dilumpuhkan. Jika anda ingin memulihkan akaun anda, hantarkan permintaan kepada kami.	U heeft geen account omdat deze is verwijderd of uitgeschakeld. Als u uw account wilt herstellen, kunt u ons een verzoek sturen.	Nie masz konta, ponieważ zostało ono usunięte lub wyłączone. Jeśli chcesz odzyskać swoje konto, wyślij nam prośbę.	Você não tem uma conta porque ela foi excluída ou desativada. Se você deseja recuperar sua conta, envie-nos uma solicitação.	У вас нет учетной записи, поскольку она была удалена или отключена. Если вы хотите восстановить свою учетную запись, отправьте нам запрос.	คุณไม่มีบัญชีเนื่องจากถูกลบหรือปิดใช้งานแล้ว หากคุณต้องการกู้คืนบัญชีของคุณ โปรดส่งคำขอถึงเรา	Silinmiş veya devre dışı bırakılmış olduğundan hesabınız yok. Hesabınızı kurtarmak istiyorsanız bize bir istek gönderin.	У вас немає облікового запису, оскільки його видалено або вимкнено. Якщо ви хочете відновити свій обліковий запис, надішліть нам запит.	您没有帐户，因为该帐户已被删除或禁用。如果您想恢复帐户，请向我们发送请求。	Bạn không có tài khoản vì nó đã bị xóa hoặc vô hiệu hóa. Nếu bạn muốn khôi phục tài khoản của mình, hãy gửi yêu cầu cho chúng tôi.
sendRequest	Send request	ارسل طلب	Poslat žádost	Anfrage senden	Στείλε αίτημα	Enviar petición	Saada taotlus	Lähetä pyyntö	Envoyer une demande	अनुरोध भेजा	Kirim permintaan	Invia richiesta	リクエストの送信	ផ្ញើសំណើ	ಕೊರಿಕೆ ಕಳಿಸು	요청 보내기	ສົ່ງ​ຄໍາ​ຂໍ	Nosūtīt pieprasījumu	Hantar permintaan	Verzend verzoek	Wysłać prośbę	Enviar pedido	Послать запрос	ส่งคำขอ	İstek gönder	Відправляти запит	发送请求	Gửi yêu cầu
sendRequestSuccess	Your information has been sent successfully, please log in using another method or try again in 24 - 72 hours.	تم إرسال معلوماتك بنجاح، يرجى تسجيل الدخول باستخدام طريقة أخرى أو المحاولة مرة أخرى خلال 24 - 72 ساعة.	Vaše údaje byly úspěšně odeslány, přihlaste se prosím jiným způsobem nebo to zkuste znovu za 24–72 hodin.	Ihre Informationen wurden erfolgreich gesendet. Bitte melden Sie sich mit einer anderen Methode an oder versuchen Sie es in 24–72 Stunden erneut.	Τα στοιχεία σας στάλθηκαν με επιτυχία, συνδεθείτε χρησιμοποιώντας άλλη μέθοδο ή δοκιμάστε ξανά σε 24 - 72 ώρες.	Tu información ha sido enviada exitosamente, inicia sesión usando otro método o inténtalo nuevamente dentro de 24 a 72 horas.	Teie teave on edukalt saadetud, logige sisse mõne muu meetodi abil või proovige 24–72 tunni pärast uuesti.	Tietosi on lähetetty onnistuneesti, kirjaudu sisään toisella tavalla tai yritä uudelleen 24 - 72 tunnin kuluttua.	Vos informations ont été envoyées avec succès, veuillez vous connecter en utilisant une autre méthode ou réessayer dans 24 à 72 heures.	आपकी जानकारी सफलतापूर्वक भेज दी गई है, कृपया किसी अन्य विधि का उपयोग करके लॉग इन करें या 24 - 72 घंटों में पुनः प्रयास करें।	Informasi Anda telah berhasil terkirim, silakan masuk menggunakan metode lain atau coba lagi dalam 24 - 72 jam.	Le tue informazioni sono state inviate con successo, accedi utilizzando un altro metodo o riprova tra 24 - 72 ore.	情報は正常に送信されました。別の方法でログインするか、24 ～ 72 時間後にもう一度お試しください。	ព័ត៌មានរបស់អ្នកត្រូវបានផ្ញើដោយជោគជ័យ សូមចូលដោយប្រើវិធីសាស្រ្តផ្សេងទៀត ឬព្យាយាមម្តងទៀតក្នុងរយៈពេល 24 - 72 ម៉ោង។	ನಿಮ್ಮ ಮಾಹಿತಿಯನ್ನು ಯಶಸ್ವಿಯಾಗಿ ಕಳುಹಿಸಲಾಗಿದೆ, ದಯವಿಟ್ಟು ಇನ್ನೊಂದು ವಿಧಾನವನ್ನು ಬಳಸಿಕೊಂಡು ಲಾಗ್ ಇನ್ ಮಾಡಿ ಅಥವಾ 24 - 72 ಗಂಟೆಗಳಲ್ಲಿ ಮತ್ತೆ ಪ್ರಯತ್ನಿಸಿ.	귀하의 정보가 성공적으로 전송되었습니다. 다른 방법을 사용하여 로그인하거나 24~72시간 후에 다시 시도하십시오.	ຂໍ້ມູນຂອງທ່ານໄດ້ຖືກສົ່ງສຳເລັດແລ້ວ, ກະລຸນາເຂົ້າສູ່ລະບົບດ້ວຍວິທີອື່ນ ຫຼືລອງໃໝ່ໃນອີກ 24 - 72 ຊົ່ວໂມງ.	Jūsu informācija ir veiksmīgi nosūtīta, lūdzu, piesakieties, izmantojot citu metodi, vai mēģiniet vēlreiz pēc 24–72 stundām.	Maklumat anda telah berjaya dihantar, sila log masuk menggunakan kaedah lain atau cuba lagi dalam 24 - 72 jam.	Uw gegevens zijn succesvol verzonden. Log in op een andere manier of probeer het over 24 - 72 uur opnieuw.	Twoje dane zostały pomyślnie przesłane. Zaloguj się inną metodą lub spróbuj ponownie za 24–72 godziny.	Suas informações foram enviadas com sucesso. Faça login usando outro método ou tente novamente em 24 a 72 horas.	Ваша информация была успешно отправлена, пожалуйста, войдите в систему, используя другой метод, или повторите попытку через 24–72 часа.	ข้อมูลของคุณถูกส่งเรียบร้อยแล้ว โปรดเข้าสู่ระบบด้วยวิธีอื่นหรือลองอีกครั้งใน 24 - 72 ชั่วโมง	Bilgileriniz başarıyla gönderildi, lütfen başka bir yöntem kullanarak giriş yapın veya 24 - 72 saat sonra tekrar deneyin.	Вашу інформацію успішно надіслано, увійдіть іншим способом або повторіть спробу через 24–72 години.	您的信息已发送成功，请使用其他方式登录或在24-72小时后重试。	Thông tin của bạn đã được gửi thành công, vui lòng đăng nhập bằng cách khác hoặc thử lại sau 24 - 72 giờ.
agreePostContent1	By tapping the __Post image__ button, you agree to our	من خلال النقر على زر __نشر الصورة__، فإنك توافق على ما لدينا	Klepnutím na tlačítko __Přidat obrázek__ souhlasíte s našimi	Durch Tippen auf die Schaltfläche __Bild posten__ stimmen Sie unserem zu	Πατώντας το κουμπί __Δημοσίευση εικόνας__, συμφωνείτε με τη δική μας	Al tocar el botón __Publicar imagen__, aceptas nuestra	Puudutades nuppu __Postita pilt__, nõustute meiega	Napauttamalla __Lähetä kuva__ -painiketta hyväksyt meidän	En appuyant sur le bouton __Publier l'image__, vous acceptez notre	__छवि पोस्ट करें__ बटन पर टैप करके, आप हमारी बात से सहमत होते हैं	Dengan mengetuk tombol __Posting gambar__, Anda menyetujui kami	Toccando il pulsante __Pubblica immagine__, accetti i nostri	[__投稿画像__] ボタンをタップすると、次の内容に同意したことになります。	ដោយចុចប៊ូតុង __បង្ហោះរូបភាព__ អ្នកយល់ព្រមចំពោះរបស់យើង។	__ಪೋಸ್ಟ್ ಇಮೇಜ್__ ಬಟನ್ ಅನ್ನು ಟ್ಯಾಪ್ ಮಾಡುವ ಮೂಲಕ, ನೀವು ನಮ್ಮದನ್ನು ಒಪ್ಪುತ್ತೀರಿ	__이미지 게시__ 버튼을 누르면 다음 내용에 동의하게 됩니다.	ໂດຍການແຕະທີ່ປຸ່ມ __Post image__, ທ່ານຕົກລົງເຫັນດີກັບພວກເຮົາ	Pieskaroties pogai __Publicēt attēlu__, jūs piekrītat mūsu	Dengan mengetik butang __Siar imej__, anda bersetuju menerima kami	Door op de knop __Plaats afbeelding__ te tikken, gaat u akkoord met onze	Klikając przycisk __Opublikuj obraz__, wyrażasz zgodę na nasze	Ao tocar no botão __Postar imagem__, você concorda com nossos	Нажимая кнопку __Опубликовать изображение__, вы соглашаетесь с нашими	การแตะปุ่ม __โพสต์ภาพ__ แสดงว่าคุณยอมรับของเรา	__Resmi yayınla__ düğmesine dokunarak şunları kabul etmiş olursunuz:	Натискаючи кнопку __Опублікувати зображення__, ви погоджуєтеся з нашими	点击__发布图片__按钮，即表示您同意我们的	Bằng cách nhấn vào nút __Đăng hình ảnh__, bạn đồng ý với các điều khoản của chúng tôi
agreePostContent2	EULA (End User License Agreement)	EULA (اتفاقية ترخيص المستخدم النهائي)	EULA (licenční smlouva s koncovým uživatelem)	EULA (Endbenutzer-Lizenzvereinbarung)	EULA (Άδεια χρήσης τελικού χρήστη)	EULA (Acuerdo de licencia de usuario final)	EULA (lõppkasutaja litsentsileping)	EULA (loppukäyttäjän lisenssisopimus)	CLUF (Contrat de Licence Utilisateur Final)	EULA (अंतिम उपयोगकर्ता लाइसेंस समझौता)	EULA (Perjanjian Lisensi Pengguna Akhir)	EULA (Contratto di licenza con l'utente finale)	EULA (エンドユーザー使用許諾契約)	EULA (កិច្ចព្រមព្រៀងអាជ្ញាប័ណ្ណអ្នកប្រើប្រាស់ចុងក្រោយ)	EULA (ಅಂತಿಮ ಬಳಕೆದಾರ ಪರವಾನಗಿ ಒಪ್ಪಂದ)	EULA(최종 사용자 라이센스 계약)	EULA (ຂໍ້ຕົກລົງໃບອະນຸຍາດຜູ້ໃຊ້ສຸດທ້າຍ)	EULA (gala lietotāja licences līgums)	EULA (Perjanjian Lesen Pengguna Akhir)	EULA (licentieovereenkomst voor eindgebruikers)	EULA (Umowa licencyjna użytkownika końcowego)	EULA (Contrato de Licença de Usuário Final)	EULA (Лицензионное соглашение с конечным пользователем)	EULA (ข้อตกลงสิทธิ์การใช้งานสำหรับผู้ใช้ปลายทาง)	EULA (Son Kullanıcı Lisans Sözleşmesi)	EULA (ліцензійна угода кінцевого користувача)	EULA（最终用户许可协议）	EULA (Thỏa thuận cấp phép người dùng cuối)
wrongEmailOrPassword	The email or password you entered is incorrect	البريد الإلكتروني أو كلمة المرور التي أدخلتها غير صحيحة	E-mail nebo heslo je nesprávné	Die von Ihnen eingegebene E-Mail-Adresse oder das Passwort ist falsch	Το email ή ο κωδικός πρόσβασης που εισαγάγατε είναι λάθος	El email o la contraseña son incorrectos	Sisestatud e-posti aadress või parool on vale	Antamasi sähköpostiosoite tai salasana on virheellinen	L'email ou le mot de passe que vous avez entré est incorrect	आपके द्वारा दर्ज ईमेल या पासवर्ड गलत है	Email atau sandi yang Anda masukkan salah	L'e-mail o la password che hai inserito non sono corrette	あなたが入力したメールアドレスまたはパスワードが正しくありません	អ៊ីមែល ឬពាក្យសម្ងាត់ដែលអ្នកបានបញ្ចូលមិនត្រឹមត្រូវទេ។	ನೀವು ನಮೂದಿಸಿದ ಇಮೇಲ್ ಅಥವಾ ಪಾಸ್ವರ್ಡ್ ತಪ್ಪಾಗಿದೆ	당신이 입력 한 이메일 또는 암호가 올바르지 않습니다	ອີ​ເມລ​ຫຼື​ລະ​ຫັດ​ຜ່ານ​ທີ່​ທ່ານ​ໄດ້​ເຂົ້າ​ແມ່ນ​ບໍ່​ຖືກ​ຕ້ອງ​	Ievadītā e-pasta adrese vai parole nav pareiza	E-mel atau kata laluan yang anda masukkan salah	Het door u ingevoerde e-mailadres of wachtwoord is onjuist	Wpisane przez ciebie email lub hasło są niepoprawne	O Email ou a senha que você colocou está errado	Введенный вами адрес электронной почты или пароль неверен	อีเมลและรหัสผ่านที่คุณป้อนไม่ถูกต้อง	Girdiğiniz e-posta veya şifre hatalı	E-mail або пароль невірні	您输入的用户名或密码不正确	Email hoặc mật khẩu bạn nhập không đúng